Gender,Experience,q01,q02,q03,q04,q05,q06,q07,q08,q09,q10,q11,q12,q13,q14,q15,q16,q17,q18,q19,q20,q21,q22,q23,q24,q25,q26,q27,q28,q29,q30,q31,q32,q33,q34,q35,q36,q37,q38,q39,q40,q41,q42,q43,q44,q45,q46,q47,q48,q49
1,5,3,5,5,5,4,2,1,5,4,4,4,4,3,4,4,4,5,5,3,4,5,5,4,4,5,4,4,4,4,4,3,5,4,3,2,4,3,3,3,4,3,3,4,5,5,4,3,4,3
1,3,1,4,5,5,4,1,1,5,5,5,5,2,5,5,5,1,5,5,5,5,5,5,5,5,5,5,4,4,4,5,4,5,4,4,3,5,4,5,3,5,4,5,5,5,5,5,5,5,5
1,3,5,5,5,5,4,1,2,5,5,4,5,5,5,4,4,5,4,4,4,5,5,4,4,5,5,4,4,4,4,4,5,4,4,4,4,4,4,4,4,2,2,5,4,4,5,5,4,5,4
1,4,5,5,5,5,5,2,1,5,3,5,5,4,4,5,5,5,5,5,4,4,5,4,5,4,5,4,3,3,1,3,4,2,3,3,1,4,3,2,4,4,4,3,4,3,4,1,1,5,4
2,6,5,5,5,5,4,1,1,5,2,5,5,4,4,5,5,5,5,5,5,5,5,5,5,5,5,5,1,2,1,1,1,2,1,4,1,1,1,1,1,2,1,1,1,1,2,1,1,2,1
1,4,3,3,5,5,1,3,4,4,4,4,5,5,1,4,5,5,5,5,3,5,4,5,5,5,2,5,3,1,1,1,1,1,2,3,1,3,1,1,3,3,1,1,3,4,3,2,1,4,1
1,2,4,4,5,5,4,1,2,3,4,5,5,4,5,5,5,4,5,5,5,5,4,4,5,4,4,4,4,3,2,1,1,1,2,1,1,1,1,1,1,2,2,1,2,2,2,4,4,4,4
1,2,4,3,5,4,5,1,4,5,5,2,4,5,4,3,4,3,2,4,3,3,3,3,5,5,5,2,3,1,1,1,2,3,3,2,1,4,3,5,4,5,1,2,4,4,4,4,2,4,2
1,3,3,4,4,4,4,2,4,5,4,4,5,4,4,4,5,4,4,4,4,5,4,4,4,4,4,5,2,1,1,2,2,2,1,2,2,2,3,2,1,4,2,4,2,4,2,2,4,4,2
1,3,5,4,4,5,5,1,4,5,4,4,4,2,4,5,5,3,4,2,3,5,3,4,5,5,5,3,4,4,4,4,2,1,4,3,1,4,4,4,1,5,4,4,5,4,2,4,4,4,4
1,4,5,4,5,5,5,1,2,5,5,5,5,5,5,5,5,5,4,5,5,4,5,5,4,4,5,4,4,3,2,3,3,4,3,2,4,3,3,3,2,2,2,3,4,4,3,4,4,3,3
1,3,5,5,5,5,4,1,2,4,1,5,5,4,4,5,5,5,4,5,5,5,5,4,5,5,5,5,4,3,3,3,3,3,3,3,3,3,3,3,3,3,3,3,3,3,3,3,3,3,3
1,3,4,5,5,5,4,1,1,3,2,4,5,4,4,3,4,4,4,4,3,4,4,4,4,4,5,4,3,2,2,2,2,1,2,2,1,1,1,2,1,4,2,1,1,4,1,2,2,4,1
1,3,5,2,4,4,4,1,4,5,4,2,4,2,2,4,4,4,5,4,3,5,5,4,4,5,5,5,2,4,4,2,2,2,4,4,2,4,5,4,1,5,1,2,5,4,4,4,2,5,2
1,3,5,2,4,4,4,1,4,5,4,4,4,4,3,5,5,5,5,5,4,5,5,5,5,5,5,5,2,5,4,2,5,5,4,4,2,4,4,4,1,5,1,4,5,5,4,4,4,5,2
1,4,2,2,4,5,2,2,2,2,2,4,4,4,2,4,4,4,4,4,4,4,4,4,4,4,4,4,4,1,2,2,2,1,1,2,2,1,2,2,2,4,2,2,1,4,4,2,2,4,2
2,5,5,5,5,5,5,1,1,5,3,5,5,5,3,5,5,5,5,5,5,5,5,5,5,5,5,3,3,1,1,1,1,1,1,1,1,1,1,1,1,3,3,3,3,4,3,3,3,3,1
1,6,4,2,2,1,4,3,1,1,2,3,4,3,1,3,5,4,3,1,3,3,4,5,4,4,4,5,3,3,4,3,1,1,3,2,4,3,3,2,3,4,3,2,3,3,4,3,4,4,2
1,3,5,5,5,4,4,3,3,4,3,4,4,4,5,5,4,4,4,5,4,4,5,5,4,4,5,1,1,2,1,3,4,2,3,4,2,3,4,4,2,4,2,2,4,2,4,3,1,4,2
1,3,5,3,3,3,3,2,2,2,2,2,2,2,3,3,2,2,2,2,2,2,2,1,2,2,2,3,4,3,3,3,3,3,2,2,3,4,3,2,2,3,3,2,2,3,4,3,3,4,3
1,2,2,2,2,4,2,2,5,4,2,2,4,4,2,4,4,4,4,3,4,4,4,4,3,3,4,4,3,2,2,2,2,2,4,4,1,2,2,2,1,4,2,4,4,4,2,2,2,4,1
1,4,2,4,1,5,5,1,4,5,3,5,4,1,5,5,5,5,5,5,3,5,4,5,3,4,5,5,3,3,4,3,5,4,3,4,1,3,3,3,3,4,1,3,4,3,4,3,4,5,3
1,3,2,5,4,5,5,1,1,5,4,5,5,4,5,5,5,5,5,4,4,5,5,5,5,5,5,4,2,1,1,1,2,1,1,1,5,4,4,4,4,5,4,4,5,4,2,4,4,5,5
1,2,2,4,3,5,2,3,3,5,2,3,4,2,4,4,4,4,5,4,4,4,4,4,2,4,4,3,1,1,4,4,4,4,3,2,3,4,3,4,2,3,2,4,2,4,5,4,2,3,4
1,4,4,2,4,5,2,2,2,2,3,2,4,4,2,2,4,4,4,4,2,4,4,4,3,4,5,4,3,3,2,2,2,2,2,2,3,2,2,4,2,4,4,3,4,3,2,4,3,2,2
2,2,1,5,2,2,4,2,4,5,5,3,5,4,3,5,4,4,3,4,3,5,5,5,2,2,2,4,4,2,1,1,1,2,3,4,2,1,2,4,2,4,2,3,2,3,2,2,4,4,4
2,1,1,5,4,5,3,2,1,4,2,2,4,4,4,3,5,4,5,4,3,5,5,5,3,5,5,4,2,2,2,2,2,1,3,4,2,4,4,2,4,4,4,4,4,5,2,5,3,3,5
1,5,3,3,4,5,2,2,4,2,2,3,4,4,3,4,4,4,4,4,4,4,4,4,4,4,4,4,4,3,1,1,1,1,1,1,1,1,1,1,1,1,1,1,1,3,2,2,2,2,2
2,1,2,3,4,4,4,2,4,4,4,3,3,2,4,5,3,3,4,4,3,3,4,4,3,4,5,4,3,3,3,3,2,2,2,2,3,2,2,2,2,2,3,2,3,3,2,3,3,3,3
1,4,3,2,4,3,2,2,4,5,4,3,4,2,2,3,4,4,5,3,3,4,5,4,3,4,5,4,1,1,1,2,1,5,2,4,1,2,2,2,1,2,1,2,2,1,1,1,2,4,1
1,5,1,2,1,5,2,1,1,4,2,4,4,4,3,4,4,4,4,4,4,4,5,3,3,3,5,4,4,4,3,2,1,2,2,4,1,1,2,1,1,4,1,1,5,4,2,2,2,4,1
1,3,2,2,2,2,2,2,4,4,4,4,4,4,4,4,4,4,4,4,4,4,4,4,4,4,4,4,3,1,4,4,1,1,3,4,1,1,1,2,1,2,4,1,2,5,4,4,2,4,1
1,5,3,4,5,5,1,1,4,4,4,4,5,2,2,4,5,4,4,5,4,5,5,4,4,4,5,4,3,1,1,4,1,4,4,2,2,4,4,4,1,4,1,3,4,2,4,1,2,5,3
1,6,3,4,4,5,2,2,4,2,3,4,2,2,3,4,4,2,4,4,3,5,5,5,4,4,5,4,4,3,2,2,2,3,3,2,2,2,3,2,2,2,3,2,4,4,2,5,3,2,2
1,6,5,4,4,4,4,2,2,4,4,4,4,4,4,4,5,5,4,5,4,4,4,4,4,5,5,4,4,4,4,4,4,4,4,4,4,4,4,4,4,4,4,4,4,4,4,4,4,4,4
1,4,5,4,5,5,5,1,2,5,5,5,5,5,5,5,5,5,5,5,4,5,5,5,4,5,5,5,4,3,2,2,1,1,1,2,1,1,2,1,2,2,2,2,3,3,2,2,2,3,2
1,3,3,5,5,3,3,2,4,5,5,5,5,4,5,3,5,5,5,4,5,5,5,5,3,3,5,4,4,3,3,3,3,3,3,4,3,4,3,1,3,3,3,1,3,3,4,3,3,3,3
1,3,2,2,4,3,2,2,4,2,4,3,4,2,4,4,4,3,5,4,4,5,5,4,3,4,4,4,4,1,1,2,2,1,4,1,1,2,2,2,2,2,1,1,5,5,4,2,2,2,1
1,3,5,5,5,4,2,1,1,4,4,3,4,2,4,3,5,4,5,4,1,3,5,3,4,3,4,4,1,1,5,4,2,2,3,2,1,2,2,3,4,4,3,3,5,4,4,2,2,4,3
1,3,2,5,2,4,1,2,2,4,4,5,5,4,5,5,5,5,5,4,5,5,5,2,5,5,5,2,1,1,1,2,1,2,4,1,1,2,2,4,1,4,2,2,2,4,2,2,1,2,1
1,4,2,2,5,5,2,1,4,5,4,4,4,5,5,4,4,5,5,5,4,5,5,5,4,5,5,5,5,2,4,4,2,2,2,2,2,2,4,2,4,4,2,2,2,4,4,2,2,4,2
1,5,5,5,5,5,1,1,1,5,5,5,5,5,5,5,5,5,5,5,5,5,5,5,5,2,5,2,1,5,1,1,1,1,1,1,1,1,1,1,1,1,1,1,1,1,1,1,1,1,1
2,4,2,5,4,5,2,2,4,4,4,5,5,2,1,5,5,4,5,4,4,5,4,4,5,5,5,4,5,4,3,5,4,3,3,4,4,4,4,2,2,5,4,4,5,4,4,4,4,4,4
1,3,2,2,2,2,2,2,5,5,4,5,5,4,3,3,5,5,5,5,5,5,5,5,5,4,4,4,4,4,4,4,5,4,5,3,3,4,5,5,5,4,4,4,4,3,3,5,5,5,5
1,3,5,2,2,5,4,2,2,4,2,3,3,2,2,1,3,4,3,2,4,4,5,4,4,4,5,4,1,1,2,2,2,1,2,1,1,1,1,1,1,1,1,1,1,1,1,1,2,2,1
1,4,4,1,2,3,4,2,2,4,3,2,5,4,4,5,4,3,4,4,3,5,4,4,5,4,5,4,4,5,4,3,3,4,2,5,2,4,4,4,4,3,4,4,2,3,5,5,1,3,2
1,4,4,5,4,5,4,2,2,4,3,5,4,3,4,4,5,4,4,4,3,4,4,4,4,4,4,5,4,4,4,4,3,2,3,2,4,5,4,4,3,4,4,4,5,4,3,2,3,4,3
1,4,5,5,5,5,5,1,3,1,4,3,5,5,5,5,5,1,4,2,1,5,5,5,5,5,5,5,5,5,5,5,1,1,2,1,1,1,1,1,1,1,1,3,3,4,4,3,4,4,4
1,4,1,5,5,4,2,2,1,5,1,5,5,4,3,4,5,4,4,4,3,1,4,3,1,4,4,1,1,1,1,4,4,1,5,4,1,1,4,1,1,5,1,1,4,4,4,2,4,5,4
1,5,1,5,1,4,5,2,2,5,5,4,4,4,5,4,4,4,4,3,3,4,4,4,3,5,5,5,4,4,4,4,3,4,4,3,4,5,5,4,3,4,4,5,5,4,5,4,4,4,4
2,4,4,5,5,5,5,1,1,4,4,4,5,5,5,5,5,5,5,5,5,5,5,5,5,5,5,5,4,4,1,1,2,1,1,1,4,4,4,2,2,2,2,2,2,4,4,3,3,4,4
1,5,4,2,4,5,4,3,4,4,3,4,4,3,3,4,4,4,4,4,4,4,3,4,2,3,4,3,2,1,2,2,1,1,1,2,2,2,2,2,1,3,1,2,3,4,4,3,3,4,4
2,5,5,4,5,5,4,1,2,3,4,4,4,4,5,5,5,5,5,5,4,4,5,5,5,5,5,5,4,4,3,4,4,4,4,4,4,4,4,4,3,4,4,4,4,4,4,4,4,4,4
1,6,3,2,2,3,4,2,3,4,3,3,4,3,3,4,4,3,4,4,3,4,4,3,5,4,5,4,4,4,3,3,3,3,3,4,3,3,3,4,3,4,3,4,4,4,3,3,4,4,4
1,6,5,5,5,5,4,1,4,5,3,4,5,5,3,5,5,5,5,5,3,5,5,5,4,3,5,5,2,4,3,4,4,3,2,4,1,1,1,2,1,4,1,1,3,4,4,3,4,4,5
2,4,5,5,4,5,4,2,2,5,5,5,5,5,4,4,5,4,3,4,4,5,4,4,4,5,5,4,4,3,3,4,4,4,4,4,3,4,5,4,4,4,4,5,4,4,4,4,4,4,4
1,6,5,5,5,5,5,1,1,5,5,5,5,5,5,5,5,5,5,5,5,5,5,5,5,5,5,5,4,5,5,5,5,5,4,5,5,5,5,5,5,5,5,5,5,5,5,5,5,5,5
1,6,5,5,5,5,5,1,1,5,5,5,5,5,5,5,5,5,5,5,5,5,5,5,5,5,5,5,4,5,5,5,5,5,4,5,5,5,5,5,5,5,5,5,5,5,5,5,5,5,5
2,6,5,5,5,5,5,1,1,5,5,5,4,4,5,5,5,4,5,5,4,5,5,5,5,5,5,5,5,4,2,4,5,3,5,5,5,4,4,4,5,5,5,5,5,5,5,5,5,5,5
2,5,5,3,4,4,2,2,3,4,3,4,4,3,3,4,4,4,4,3,3,3,4,4,4,4,4,4,3,3,3,2,2,3,3,3,4,4,4,4,2,4,3,3,4,4,3,3,3,4,3
2,4,4,4,1,5,4,1,4,3,2,3,5,5,5,1,1,5,3,4,2,4,5,5,5,5,5,4,4,4,1,2,4,5,4,3,2,3,5,4,5,3,4,4,5,4,4,4,2,4,2
1,4,2,2,1,5,5,2,4,5,5,4,5,5,5,5,5,5,4,4,4,5,4,5,4,4,5,5,5,3,2,4,2,4,2,2,4,4,4,4,4,2,2,2,1,4,4,2,4,4,2
2,4,4,4,4,5,5,1,1,5,4,4,5,4,4,4,5,5,4,4,5,5,4,5,5,4,5,5,5,4,3,2,4,3,3,2,4,4,3,3,2,3,2,3,3,4,3,4,3,4,3
2,3,5,4,5,5,4,4,2,4,3,3,4,4,3,5,5,4,4,4,4,4,3,3,2,4,5,3,2,1,3,3,3,4,2,2,1,4,2,2,2,4,2,3,4,4,4,2,2,4,2
2,3,1,5,1,5,5,2,1,5,5,5,5,5,3,5,5,1,5,5,3,4,4,5,5,5,5,5,4,4,3,4,3,2,5,4,1,2,2,4,4,4,4,4,4,5,4,4,4,4,4
2,5,5,5,5,5,5,2,1,5,5,5,5,5,5,5,5,4,4,4,5,5,5,5,4,5,5,5,4,4,4,3,4,2,3,3,3,4,4,4,4,4,5,5,5,4,5,5,4,4,4
1,5,1,1,1,1,1,2,5,1,1,5,5,5,5,5,5,5,5,4,5,5,5,5,5,5,5,5,3,4,3,3,4,3,4,4,2,4,4,3,5,4,4,4,4,4,5,4,4,5,5
1,4,5,5,5,5,4,2,2,5,3,4,5,4,3,5,5,4,5,4,5,4,5,5,4,5,5,4,3,2,1,1,1,1,1,1,1,2,1,1,1,1,1,1,1,1,1,1,1,1,1
1,6,5,5,4,5,5,1,2,3,1,4,4,4,4,5,4,5,5,4,4,5,5,5,5,4,5,4,1,1,1,1,1,1,1,2,1,2,1,2,2,3,2,1,1,2,1,1,1,3,1
2,5,5,5,5,5,5,2,2,4,5,3,4,5,4,4,5,4,5,4,4,4,2,4,3,5,5,5,4,4,3,2,2,4,2,2,2,4,5,4,2,4,3,4,2,4,4,5,4,4,4
2,5,2,4,4,4,5,2,1,4,4,3,4,2,2,4,4,3,4,2,2,4,4,4,3,4,4,4,2,1,1,1,1,1,1,1,1,1,1,1,1,1,1,1,1,2,2,3,3,2,3
2,5,2,3,2,3,3,4,4,4,4,3,3,2,1,3,4,3,4,3,4,3,4,3,2,3,4,3,3,1,1,1,1,1,2,3,1,2,3,1,1,3,2,3,3,1,2,2,3,1,2
1,5,2,3,5,2,4,2,3,3,4,4,4,3,4,3,3,4,4,4,3,3,4,5,5,4,4,4,4,3,3,4,2,3,4,4,4,3,4,4,3,4,4,4,4,4,5,5,4,4,4
2,4,2,2,5,5,2,2,3,4,4,3,4,4,3,4,3,4,5,4,3,5,4,3,4,3,4,4,3,5,3,3,4,4,3,3,4,4,4,4,1,3,3,4,4,4,4,4,3,3,4
1,4,5,5,5,5,4,2,1,5,5,5,5,5,5,5,5,5,4,5,4,4,5,4,4,4,4,4,4,2,2,2,2,2,2,2,2,4,4,2,4,4,4,4,2,4,4,4,4,2,3
1,4,5,5,5,5,4,2,1,5,5,5,5,5,5,5,5,4,4,5,4,4,5,4,4,4,4,4,4,2,2,2,2,2,2,2,2,4,4,2,4,4,4,4,2,4,4,4,4,2,3
1,5,3,3,3,3,3,3,3,3,5,3,3,3,3,3,4,3,3,3,3,3,3,3,3,3,5,5,4,3,3,3,1,1,1,1,1,1,1,5,1,1,3,1,1,1,1,5,1,1,1
1,2,4,3,2,4,4,2,2,4,3,3,4,4,4,3,4,2,3,4,3,4,4,3,4,3,3,4,4,3,2,2,3,3,3,3,3,3,3,3,3,3,3,3,3,3,3,4,4,4,4
1,3,4,3,2,4,4,2,2,4,3,3,4,4,4,3,4,2,3,4,3,4,4,3,4,3,3,4,4,3,2,2,3,3,3,3,3,3,3,3,3,3,3,3,3,3,3,4,4,4,4
1,3,4,5,5,4,4,2,2,4,3,3,4,4,3,3,4,4,4,4,4,5,4,4,3,4,4,4,3,3,3,4,3,4,4,3,3,3,4,3,3,4,3,2,3,3,4,3,3,4,4
1,2,4,5,5,4,4,2,2,4,3,3,4,4,3,3,4,4,4,4,4,5,4,4,3,4,4,4,3,3,3,4,3,4,4,3,3,3,4,3,3,4,3,2,3,3,4,3,3,4,4
1,5,2,4,5,5,3,2,5,5,3,3,5,3,3,5,5,5,4,5,5,4,4,5,3,3,5,5,3,3,4,3,3,4,2,3,1,4,3,2,4,3,2,2,4,4,3,4,5,4,1
1,5,2,4,5,5,3,2,5,5,3,3,5,3,3,5,5,5,4,5,5,4,4,5,3,3,5,5,3,3,4,3,3,4,2,3,1,4,3,2,4,3,2,2,4,4,3,4,5,4,1
1,3,4,5,5,5,5,3,4,1,2,4,4,1,1,2,4,2,4,1,3,5,3,3,3,3,5,5,4,4,1,1,5,5,3,5,3,2,2,2,1,5,1,1,2,4,3,4,3,4,4
1,4,4,5,5,5,5,3,4,1,2,4,4,1,1,2,4,2,4,1,3,5,3,3,3,3,5,5,4,4,1,1,5,5,3,5,3,2,2,2,1,5,1,1,2,4,3,4,3,4,4
1,5,4,5,5,5,4,3,2,4,3,3,4,3,5,3,4,3,4,3,3,4,4,3,3,4,4,3,3,1,1,1,1,1,1,1,1,1,3,1,3,3,1,1,3,3,1,3,3,3,3
1,5,4,5,5,5,4,3,2,4,3,3,4,3,5,3,4,3,4,3,3,4,4,3,3,4,4,3,3,1,1,1,1,1,1,1,1,1,3,1,3,3,1,1,3,3,1,3,3,3,3
2,5,4,5,5,5,4,3,2,4,3,3,4,3,5,3,4,3,4,3,3,4,4,3,3,4,4,3,3,1,1,1,1,1,1,1,1,1,3,1,3,3,1,1,3,3,1,3,3,3,2
2,6,5,5,5,5,5,1,3,5,5,4,5,3,4,1,5,4,4,5,2,5,5,4,1,4,5,5,3,4,1,4,4,4,5,5,4,4,5,4,2,5,3,5,5,5,5,4,4,5,4
2,6,5,5,5,5,5,1,3,5,5,4,5,3,4,1,5,4,4,5,2,5,5,4,1,4,5,5,3,4,1,4,4,4,5,5,4,4,5,4,2,5,3,5,5,5,5,4,4,5,4
2,3,5,3,5,5,5,2,1,1,5,3,3,4,4,5,3,3,3,4,4,4,3,3,3,4,4,4,3,2,2,2,2,2,1,1,1,1,1,1,1,1,1,1,2,5,4,4,3,3,4
2,3,5,3,5,5,5,2,1,1,5,3,3,4,4,3,5,3,3,3,4,4,3,3,3,4,4,4,3,2,2,2,2,2,1,1,1,1,1,1,1,1,1,1,2,5,4,4,3,3,4
2,3,5,3,5,5,5,2,1,1,5,2,2,4,4,3,5,3,3,3,4,4,3,3,3,4,4,4,3,2,2,2,2,2,1,1,1,1,1,1,1,1,1,1,2,5,4,4,3,3,4
2,3,3,5,5,5,5,1,1,3,3,3,3,1,3,4,5,5,3,3,3,5,5,5,5,5,5,5,3,3,3,3,3,3,3,3,3,3,3,3,3,3,3,3,3,4,4,3,3,4,3
2,3,3,5,5,5,5,1,1,4,3,3,1,3,4,5,5,3,3,3,3,4,5,5,5,5,5,5,3,3,3,3,3,3,3,3,3,3,3,3,3,3,3,4,3,3,4,3,3,4,3
2,5,5,5,5,5,5,1,1,4,4,3,3,5,4,3,3,3,4,4,3,4,5,5,5,5,5,5,5,4,3,4,4,4,3,4,3,2,3,3,4,4,4,4,4,4,4,4,3,4,4
1,5,5,5,5,5,5,2,1,5,4,3,3,4,4,3,4,4,5,5,4,4,3,4,3,5,4,5,5,5,5,5,5,5,5,5,5,5,5,5,5,5,5,5,5,5,5,5,5,5,4
1,4,5,5,5,5,5,1,1,5,4,3,3,4,4,4,4,5,4,5,5,5,5,5,3,5,5,5,5,5,5,5,5,5,5,5,5,5,5,5,5,4,5,5,5,3,4,4,4,4,4
1,4,5,4,5,5,5,2,1,5,4,3,4,2,2,1,3,2,2,3,2,2,2,2,5,4,3,3,3,4,2,2,2,2,2,3,3,4,3,3,3,4,4,4,4,5,5,5,5,4,4
1,4,5,4,5,5,5,2,1,5,4,3,4,2,2,1,3,2,2,3,2,2,2,2,5,4,3,3,3,4,2,2,2,2,2,3,3,4,3,3,3,4,4,4,4,5,5,5,5,4,4
1,4,5,4,5,5,5,2,1,5,4,3,4,2,2,1,3,2,2,3,2,2,2,2,5,4,3,3,3,4,2,2,2,2,2,3,3,4,3,3,3,4,4,4,4,5,5,5,5,4,4
1,4,5,4,5,5,5,2,1,5,4,3,4,2,2,1,3,2,2,3,2,2,2,2,5,4,3,3,3,4,2,2,2,2,2,3,3,4,3,3,3,4,4,4,4,5,5,5,5,4,4
1,5,4,1,4,2,4,1,5,4,2,4,4,3,3,3,5,4,5,4,4,5,4,4,3,4,5,5,4,3,1,2,4,4,3,4,3,1,2,2,3,4,4,4,5,4,3,3,4,3,4
1,5,4,1,4,2,4,1,5,4,2,4,4,3,3,3,5,4,5,4,4,5,5,4,3,4,5,5,4,3,1,2,4,4,3,4,3,1,2,2,3,4,4,4,5,4,3,3,3,3,4
1,5,4,1,4,2,4,1,5,4,2,4,4,3,3,3,5,4,5,4,4,5,4,4,3,4,5,5,4,3,1,2,4,4,3,4,3,1,2,2,3,4,4,4,5,4,3,3,4,3,4
1,6,4,4,2,5,3,2,3,4,3,4,4,3,4,4,4,4,4,4,3,4,3,3,4,4,4,3,2,2,1,1,1,1,2,1,1,2,2,2,2,4,2,3,3,4,3,4,4,3,4
1,6,4,4,2,5,3,2,3,4,3,4,4,3,4,4,4,4,4,4,3,4,3,3,4,4,4,3,2,2,1,1,1,1,2,1,1,2,2,2,2,4,2,3,3,4,3,4,4,3,4
1,6,4,4,2,5,3,2,3,4,3,4,4,3,4,4,4,4,4,4,3,4,3,3,4,4,4,3,2,2,1,1,1,1,2,1,1,2,2,2,2,4,2,3,3,4,3,4,4,3,4
1,6,4,4,2,5,3,2,3,4,3,4,4,3,4,4,4,4,4,4,3,4,3,3,4,4,4,3,2,2,1,1,1,1,2,1,1,2,2,2,2,4,3,3,4,3,3,4,4,3,4
2,3,5,4,5,5,5,2,1,5,4,5,5,4,4,4,5,5,4,5,3,3,2,3,3,4,5,4,2,3,2,2,1,3,2,3,4,4,3,4,2,4,4,2,4,5,4,5,4,4,2
2,3,5,4,5,5,5,2,1,5,4,5,5,4,4,4,5,5,4,5,3,3,2,3,3,4,5,4,2,3,2,2,1,3,2,3,4,4,3,4,2,4,4,2,4,5,5,5,4,4,2
2,3,5,4,5,5,5,2,1,5,4,5,5,4,4,4,5,5,4,5,3,3,2,3,3,4,5,4,2,3,2,2,1,3,2,3,4,4,3,4,2,4,4,2,4,5,4,5,4,4,2
2,3,5,4,5,5,5,2,1,5,3,5,5,4,4,4,5,5,4,5,3,3,2,3,3,4,5,4,2,3,2,2,1,3,2,3,4,4,3,4,2,4,4,2,4,5,4,5,4,4,4
1,4,5,4,1,3,4,3,2,2,1,3,3,3,2,2,1,3,3,3,4,2,2,4,3,2,2,3,4,2,2,3,3,2,2,3,3,3,2,4,4,2,2,3,4,1,3,3,2,2,3
2,4,5,4,1,3,4,3,2,2,1,1,3,3,2,2,1,3,3,3,4,2,2,4,3,2,2,3,4,2,2,3,3,2,2,3,3,3,2,4,4,2,2,3,4,1,3,3,2,2,3
2,4,5,4,1,3,4,3,2,2,1,1,3,3,2,2,1,3,3,3,4,2,2,4,3,2,2,3,4,2,2,3,3,2,2,3,3,3,2,4,4,2,2,3,4,1,3,3,2,2,3
2,4,5,4,1,3,4,3,2,2,1,1,3,3,2,2,1,3,3,3,4,2,2,4,3,2,2,3,4,2,2,3,3,2,2,3,3,3,2,4,4,2,2,3,4,1,3,3,2,2,3
2,3,4,5,5,5,5,2,2,4,3,4,4,3,3,4,4,4,5,4,3,4,4,4,2,5,5,5,2,1,2,2,2,2,3,4,4,4,3,4,4,4,3,4,4,4,2,3,4,4,4
2,3,4,5,5,5,5,2,2,4,3,4,4,3,3,4,4,4,5,4,3,4,4,4,2,5,5,5,2,1,2,2,2,2,3,4,4,4,3,4,4,4,3,4,4,4,2,3,4,4,4
2,3,4,5,5,5,5,2,2,4,3,4,4,3,3,4,4,4,5,4,3,4,4,4,2,4,4,4,2,1,2,2,2,2,2,3,4,4,3,4,4,4,3,4,4,4,2,3,4,4,4
2,3,4,5,5,5,5,2,2,4,3,4,4,3,3,4,4,4,5,4,3,4,4,4,2,5,5,5,2,1,2,2,2,2,3,4,4,4,3,4,4,4,3,4,4,4,2,3,4,4,4
2,2,4,4,5,5,4,2,2,5,2,4,5,4,4,4,4,5,4,5,4,5,4,4,3,4,5,4,2,2,1,1,1,1,2,2,3,2,3,2,1,3,3,2,3,3,3,4,4,3,3
2,2,4,4,5,5,4,2,2,5,2,4,5,4,4,4,4,5,4,5,4,5,4,4,3,4,5,4,2,2,1,1,1,1,2,2,3,3,3,2,1,3,3,2,3,3,3,4,4,3,3
2,2,4,4,5,5,4,2,2,5,2,4,5,4,4,4,4,5,4,5,4,5,4,4,3,4,5,4,2,2,1,1,1,1,2,2,3,2,3,2,1,3,3,2,3,3,3,4,4,4,4
2,2,4,4,5,5,4,2,2,5,2,4,5,4,4,4,4,5,4,5,4,5,4,4,3,4,5,4,2,2,1,1,1,1,2,2,2,2,3,2,1,3,3,1,3,3,3,4,4,3,3
1,4,5,4,1,4,4,2,2,5,3,2,5,4,4,5,5,4,4,4,3,5,4,3,3,4,5,4,3,2,1,1,1,2,5,3,4,4,3,3,3,3,2,2,3,2,4,3,3,3,3
1,4,5,4,1,4,4,2,2,5,3,2,5,4,4,5,5,4,4,4,3,5,4,3,3,4,5,4,3,2,1,1,1,2,5,3,4,4,3,3,3,3,2,2,3,2,4,3,3,3,3
1,4,5,4,1,4,4,2,2,5,3,2,5,4,4,5,5,4,4,4,3,5,4,3,3,4,5,4,3,2,1,1,1,2,5,3,4,4,3,3,3,3,2,2,3,2,4,3,3,3,3
1,4,5,4,1,4,4,2,2,5,3,2,5,4,4,5,5,4,4,4,3,5,4,3,3,4,5,4,3,2,1,1,1,2,5,3,4,4,3,3,3,3,2,2,3,2,4,3,3,3,3
2,4,5,5,5,5,5,1,2,5,3,5,5,5,5,5,5,5,5,5,3,5,5,5,4,5,5,5,5,3,3,4,4,2,3,3,2,3,3,2,3,3,2,3,4,4,2,4,4,3,4
2,4,5,5,5,5,5,1,2,5,3,5,5,5,5,5,5,5,5,5,3,5,5,5,4,5,5,5,5,3,3,4,4,2,3,3,2,3,3,2,2,2,2,3,4,4,2,4,4,3,4
2,4,5,5,5,5,5,1,2,5,3,5,5,5,5,5,5,5,5,5,3,5,5,5,4,5,5,5,5,3,3,4,4,2,3,3,2,3,3,2,3,3,2,3,4,4,2,4,4,3,4
2,4,5,5,5,5,5,1,2,5,3,5,5,5,5,5,5,5,5,5,3,5,5,5,4,5,5,5,5,3,3,4,4,2,3,3,2,3,3,2,3,3,2,3,4,4,2,4,4,3,4
1,4,4,4,4,4,4,1,5,4,3,4,4,4,4,4,4,4,5,4,4,5,4,4,5,4,5,4,4,3,3,3,3,3,3,3,2,2,2,2,2,2,2,2,2,3,2,2,2,2,3
1,4,4,4,4,4,4,1,5,4,3,4,4,4,4,4,4,4,5,4,4,5,4,4,5,4,5,4,4,3,3,3,3,3,3,3,2,2,2,2,2,2,2,2,2,3,2,2,2,2,3
1,4,4,4,4,4,4,1,5,4,3,4,4,4,4,4,4,4,5,4,4,5,4,4,5,4,5,4,4,3,3,3,3,3,3,3,2,2,2,2,2,2,2,2,2,3,2,2,2,2,3
1,4,4,4,4,4,4,1,5,4,3,4,4,4,4,4,4,4,5,4,4,5,4,4,5,4,5,4,4,3,3,3,3,3,3,3,2,2,2,2,2,2,2,2,2,3,2,2,2,2,3
1,4,4,4,4,4,4,1,5,4,3,4,4,4,4,4,4,4,5,4,4,5,4,4,5,4,5,4,4,3,3,3,3,3,3,3,2,2,2,2,2,2,2,2,2,3,2,2,2,2,3
2,4,2,5,5,5,5,1,3,5,3,4,4,4,4,4,4,4,4,4,4,5,5,5,4,5,5,5,2,1,3,3,1,1,4,2,4,4,3,2,2,4,2,3,4,4,2,2,3,4,4
2,4,2,5,5,5,5,1,3,5,3,4,4,4,4,4,4,4,4,4,4,5,5,5,4,5,5,5,2,1,3,3,1,1,4,2,4,4,3,2,1,4,2,3,4,4,2,2,3,4,4
2,3,2,5,5,5,5,1,1,3,5,3,4,4,4,4,4,4,4,4,4,5,5,5,4,5,5,5,2,1,3,3,1,1,4,2,4,4,3,2,1,4,2,3,4,4,2,2,3,4,4
2,3,2,5,5,5,5,1,3,5,3,4,4,4,4,4,4,4,4,4,4,5,5,4,5,5,5,5,2,1,3,3,1,1,4,2,4,4,3,2,1,4,2,3,4,4,2,2,3,4,4
2,4,2,4,4,4,4,1,3,5,3,4,4,4,4,4,4,4,4,4,4,5,5,5,4,5,5,5,2,1,3,3,1,1,4,2,4,4,3,2,1,4,2,3,4,4,2,2,3,4,4
2,5,4,5,4,5,5,1,2,5,3,5,5,3,3,5,5,5,5,5,4,5,5,5,5,3,4,4,1,2,1,3,1,1,1,1,2,2,2,2,1,1,1,2,2,4,4,3,4,4,3
2,5,4,5,4,5,5,1,2,5,3,5,5,3,3,5,5,5,5,5,4,5,5,5,5,3,4,4,1,2,1,3,1,1,1,1,2,2,2,2,1,1,1,2,2,4,4,3,2,4,3
2,5,4,5,4,5,5,1,2,5,3,5,5,3,3,5,5,5,5,5,4,5,5,5,5,3,4,4,1,2,1,3,1,1,1,1,2,2,2,2,1,1,1,2,2,2,4,3,3,4,3
2,5,4,5,4,5,5,1,2,5,3,5,5,3,3,5,5,5,5,5,4,5,5,5,5,3,4,4,1,2,1,3,1,1,1,1,2,2,2,2,1,1,1,2,2,2,4,3,4,4,3
2,5,4,5,4,5,5,1,2,5,3,5,5,3,3,5,5,5,5,5,4,5,5,5,5,3,4,4,1,2,1,3,1,1,1,1,2,2,2,2,1,1,1,2,2,4,3,3,3,4,3
1,6,4,5,3,5,5,2,4,5,3,4,5,5,4,5,5,5,5,5,4,5,5,5,4,5,5,5,4,3,3,4,3,3,3,2,2,3,3,2,2,3,2,3,2,4,3,3,2,3,4
1,6,4,5,3,5,5,1,4,5,3,4,5,5,4,5,5,5,5,5,4,5,5,5,4,5,5,5,4,3,3,4,3,3,3,2,2,3,3,2,2,3,2,3,2,4,3,3,2,3,4
1,6,4,5,3,5,5,2,4,5,3,4,5,5,4,5,5,5,5,5,4,5,5,5,4,5,5,5,4,3,3,4,3,3,3,2,2,3,3,2,2,3,2,3,2,4,3,3,2,3,4
1,6,4,5,3,5,5,2,4,5,3,4,5,5,4,5,5,5,5,5,4,5,5,5,4,5,5,5,4,3,3,4,3,3,3,2,2,3,3,2,2,3,2,3,2,4,3,3,2,3,4
1,6,4,5,3,5,5,2,4,5,3,4,5,5,4,5,5,5,5,5,4,5,5,5,4,5,5,5,4,3,3,4,3,3,3,2,2,3,3,2,2,3,2,3,2,4,3,3,2,3,4
1,6,3,1,5,5,4,2,4,4,4,2,4,4,4,4,4,5,4,4,5,4,3,4,3,4,4,3,4,2,1,2,1,2,1,4,1,2,4,4,4,4,4,4,4,4,2,2,2,2,2
1,6,3,1,5,5,4,2,4,4,4,2,4,4,4,4,4,5,4,4,5,4,3,4,3,4,4,3,4,2,1,2,1,2,1,4,1,2,4,4,4,4,4,4,4,4,2,2,2,2,2
1,6,3,1,5,5,4,2,4,4,4,2,4,4,4,4,4,5,4,4,5,4,3,4,3,4,4,3,4,2,1,2,1,2,1,4,1,2,4,4,4,4,4,4,4,4,2,2,2,2,2
1,6,3,1,5,5,4,3,4,4,4,2,4,4,4,4,4,5,4,4,5,4,3,4,4,4,4,4,3,2,1,2,1,2,1,4,1,2,4,4,4,4,4,4,4,4,2,2,2,2,2
1,6,3,1,5,5,4,2,4,4,4,2,4,4,4,4,4,5,4,4,5,4,3,4,3,4,4,3,4,2,1,2,1,2,1,4,1,2,4,4,4,4,4,4,4,4,2,2,2,2,2
1,4,5,5,5,5,5,2,1,5,5,5,5,5,3,4,5,5,5,4,3,5,5,4,3,5,5,5,5,5,3,5,5,5,5,5,5,5,5,5,5,5,5,5,5,5,5,5,5,5,5
1,5,4,3,3,4,4,1,2,4,1,3,3,3,3,4,4,3,3,4,3,4,4,3,3,4,4,4,3,2,2,4,2,2,3,3,2,3,2,2,2,3,2,3,2,3,2,2,4,3,4
1,5,4,2,2,4,4,3,2,4,1,3,3,3,3,4,4,3,4,4,3,4,4,3,3,5,4,4,3,2,2,4,2,2,3,3,2,3,2,2,2,3,2,3,2,3,2,2,4,3,4
1,5,4,3,3,4,4,1,2,4,1,3,3,3,3,4,4,3,4,4,3,4,4,3,3,4,4,4,3,2,2,4,2,2,3,3,2,3,2,2,2,3,2,3,2,3,2,2,4,3,4
1,5,4,3,3,4,4,1,2,4,1,3,3,3,3,4,4,3,4,4,3,4,4,3,3,4,4,4,3,2,2,4,2,2,3,3,2,3,2,2,2,3,2,3,2,3,2,2,4,3,4
1,5,4,3,3,3,4,1,2,4,1,3,3,3,3,4,4,3,4,4,3,4,4,3,3,4,4,4,3,2,2,4,2,2,3,3,2,3,2,2,2,3,2,3,2,3,2,2,4,3,4
2,6,2,5,4,5,4,1,1,5,3,3,4,3,1,4,4,3,5,3,4,5,5,5,4,4,5,2,2,1,1,2,1,2,3,1,4,2,2,2,2,4,5,3,5,4,3,4,4,3,4
2,6,2,5,4,5,4,1,1,5,3,3,4,3,1,4,4,3,5,3,4,5,5,5,4,4,5,2,2,1,1,2,1,2,3,1,4,2,2,2,2,4,5,3,5,4,3,4,4,3,4
2,6,2,5,4,5,4,1,1,5,3,3,4,3,1,4,4,3,5,3,4,5,5,5,4,4,5,2,2,1,1,2,1,2,3,1,4,2,2,2,2,4,5,3,5,4,3,4,4,3,4
2,6,2,5,4,5,4,1,1,5,3,3,4,3,1,4,4,3,5,3,4,5,5,5,4,4,5,2,2,1,1,2,1,2,3,1,4,2,2,2,2,4,5,3,5,4,3,4,4,3,4
2,6,2,5,4,5,4,1,1,5,3,3,4,3,1,4,4,3,5,3,4,5,5,5,4,4,5,2,2,1,1,2,1,2,3,1,4,2,2,2,2,4,5,3,5,4,3,4,4,3,4
2,5,5,5,5,5,5,1,1,5,3,5,5,4,3,4,3,5,5,5,5,5,5,5,5,5,5,5,5,3,5,4,3,3,3,3,5,5,5,5,3,5,5,5,5,5,5,5,5,4,5
2,5,5,5,5,5,5,1,1,5,3,5,5,4,3,4,5,5,5,5,5,5,5,5,5,5,5,5,5,3,5,4,3,3,3,3,3,5,5,5,3,5,5,5,5,5,5,5,5,4,5
2,5,5,5,5,5,5,1,1,5,3,5,5,4,4,3,4,5,5,5,5,5,5,5,5,5,5,5,5,3,5,4,3,3,3,3,5,5,5,5,5,5,5,5,5,5,5,5,5,4,5
2,5,5,5,5,5,5,1,1,5,3,5,5,4,3,4,3,5,5,5,5,5,5,5,5,5,5,5,5,3,5,4,3,3,3,3,5,5,5,5,5,5,5,5,5,5,5,5,5,4,5
2,5,5,5,5,5,5,1,1,5,3,5,5,4,3,4,3,5,5,5,5,5,5,5,5,5,5,5,5,3,5,4,3,3,3,3,5,5,5,5,3,5,5,5,5,5,5,5,5,4,5
2,5,5,5,5,5,5,1,1,5,3,5,5,4,3,4,5,5,5,5,5,5,5,5,5,5,5,5,5,3,5,4,3,3,3,3,3,5,5,5,5,5,5,5,5,5,5,5,5,4,5
2,6,3,4,3,5,4,4,2,2,2,5,2,1,2,1,4,4,4,2,2,2,4,4,2,4,4,5,5,1,1,1,1,1,1,3,5,1,1,1,1,1,1,1,3,3,3,3,3,3,3
2,6,3,4,3,5,4,4,2,2,2,5,2,1,2,1,4,4,4,2,2,2,4,4,2,4,4,5,5,1,1,1,1,1,1,3,5,1,1,1,1,1,1,1,3,3,3,3,3,3,3
2,6,3,4,3,5,4,4,2,2,2,5,2,1,2,1,4,4,4,2,2,2,4,4,2,4,4,5,5,1,1,1,1,1,1,3,5,1,1,1,1,1,1,1,3,3,3,3,3,3,3
2,6,3,4,3,5,4,4,2,2,2,5,2,1,2,1,4,4,4,2,2,2,4,4,2,4,4,5,5,1,1,1,1,1,1,3,5,1,1,1,1,1,1,1,3,3,3,3,3,3,3
1,5,4,5,5,5,4,1,2,4,3,4,5,3,4,1,5,5,5,3,4,5,5,5,5,4,5,5,4,3,2,2,2,2,2,3,3,2,2,3,4,4,4,4,4,5,5,5,4,5,5
1,5,4,5,5,5,4,1,2,4,3,4,5,3,4,1,5,5,5,3,4,5,5,5,5,4,5,5,4,3,2,2,2,2,2,2,3,2,2,3,4,4,4,4,4,5,5,5,5,5,5
1,5,4,5,5,5,4,1,2,4,3,4,5,3,4,1,5,5,5,3,4,5,5,5,5,4,5,5,4,3,2,2,2,2,2,3,3,2,2,3,4,4,4,4,4,4,5,5,5,5,5
1,5,4,5,5,5,4,1,2,4,3,4,5,3,4,1,5,5,5,3,4,5,5,5,5,4,5,5,4,3,2,2,2,2,2,3,3,2,2,3,4,4,4,4,4,5,5,5,5,5,5
1,5,4,5,5,5,4,1,2,4,3,4,5,3,4,1,5,5,5,3,4,5,5,5,5,4,5,5,4,3,2,2,2,2,2,2,3,2,2,3,4,4,4,4,4,5,5,5,5,5,5
2,4,4,2,4,4,2,2,4,5,1,3,5,3,4,5,5,4,4,3,4,4,2,4,3,2,4,3,3,2,2,2,2,2,2,2,2,2,2,2,2,2,2,2,2,2,2,2,2,3,2
2,4,4,2,4,4,2,2,4,5,3,3,5,3,4,5,5,4,4,3,4,4,2,4,3,2,4,3,3,2,2,2,2,2,2,2,2,2,2,2,2,2,2,2,2,2,2,2,2,3,2
1,5,2,2,2,3,4,5,2,1,3,3,2,4,4,4,5,5,3,4,4,4,4,4,1,4,5,4,3,1,1,1,1,1,1,1,1,1,1,1,1,1,1,1,1,1,2,3,2,3,3
2,3,4,2,1,4,1,1,4,5,3,3,5,3,3,4,4,3,5,3,3,5,5,5,5,5,5,5,5,1,4,3,1,1,1,1,3,3,4,3,3,3,2,2,5,5,3,3,3,4,3
2,3,4,2,1,4,1,1,4,5,3,3,5,3,3,4,4,3,5,3,3,5,5,5,5,5,5,5,5,1,4,3,1,1,1,1,3,3,4,3,3,3,2,2,5,5,3,3,3,4,3
2,1,2,4,4,4,4,2,2,4,1,3,4,2,4,4,4,3,4,2,2,3,4,4,4,4,4,4,2,1,1,1,1,1,1,1,1,1,4,2,1,4,2,1,5,5,1,2,2,1,4
2,1,2,4,4,4,4,2,2,4,1,3,4,2,4,4,4,3,4,2,2,3,4,4,4,4,4,4,2,1,1,1,1,1,1,1,1,1,4,2,1,4,2,1,5,5,1,2,2,1,4
2,1,2,4,4,4,4,2,2,4,1,3,4,2,4,4,4,3,4,2,2,3,4,4,4,4,4,4,2,1,1,1,1,1,1,1,1,1,4,2,1,4,2,1,5,5,1,2,2,1,4
2,2,3,2,3,3,4,2,2,5,4,3,3,3,3,5,4,4,4,3,3,5,4,4,3,4,4,4,2,2,2,3,3,3,3,3,4,3,3,2,2,4,2,4,3,4,3,3,2,4,4
2,2,3,2,3,3,4,2,2,5,4,3,3,3,3,3,5,4,4,3,3,5,4,4,3,4,4,4,2,2,2,3,3,3,3,3,4,3,3,2,2,4,2,4,3,4,3,3,2,4,4
2,2,3,2,3,3,4,2,2,5,4,3,3,3,3,5,4,4,4,3,3,5,4,4,3,4,4,4,2,2,2,3,3,3,3,3,4,3,3,2,2,4,2,4,3,4,3,3,2,4,4
2,2,3,2,3,3,4,2,2,5,4,3,3,3,3,5,4,4,4,3,3,5,4,4,3,4,4,4,2,2,2,3,3,3,3,3,4,3,3,2,2,4,2,4,3,4,3,3,2,4,4
2,2,3,2,3,3,4,2,2,5,4,3,3,3,3,5,4,4,4,2,3,5,4,4,3,4,4,4,2,2,2,3,3,3,3,3,4,3,3,2,2,4,2,4,3,4,3,3,2,4,4
2,2,3,2,4,4,4,2,2,5,4,3,3,3,3,5,4,4,4,4,4,5,4,4,3,4,4,4,2,2,2,3,3,3,3,3,4,3,3,2,2,4,2,4,3,4,3,3,2,4,4
1,5,4,4,5,5,5,2,1,5,4,3,4,5,4,4,4,4,4,4,3,4,4,4,3,5,5,4,4,3,4,3,3,3,4,4,3,4,4,4,3,4,4,4,4,4,4,4,3,3,4
1,6,4,4,5,5,5,1,1,5,5,5,5,5,4,4,4,4,3,4,4,5,4,4,4,5,5,4,4,4,4,3,3,4,3,4,3,3,3,4,3,4,4,4,4,4,4,4,3,4,4
1,4,5,5,5,5,4,1,1,5,5,5,5,5,5,5,5,5,5,5,4,5,5,5,3,5,5,5,5,3,4,3,5,4,4,4,5,3,4,4,4,4,3,4,4,5,5,5,3,4,4
1,3,4,4,5,5,5,1,1,5,5,5,5,5,5,5,5,4,5,5,4,5,5,5,4,5,5,5,5,3,4,4,5,4,4,4,3,4,4,4,4,4,4,4,4,4,4,4,5,5,5
1,3,4,4,1,5,5,2,1,5,5,5,5,5,5,5,5,5,5,5,5,5,4,5,3,5,5,5,4,3,3,4,4,4,4,4,3,3,4,4,4,5,5,4,5,4,4,4,4,4,4
1,3,4,4,5,5,5,2,1,5,5,5,5,5,5,4,4,5,4,5,5,4,5,5,4,5,5,4,4,3,4,4,4,4,4,3,3,4,4,3,4,4,3,2,4,4,4,4,4,4,4
1,4,5,5,5,5,5,2,1,4,4,4,4,5,4,5,5,5,4,5,5,4,5,5,3,4,5,5,4,3,1,4,4,5,4,4,5,5,4,4,4,3,4,4,4,4,3,4,3,4,4
1,4,5,5,5,5,5,2,1,4,4,4,4,5,4,5,5,5,4,4,4,4,5,5,3,4,5,5,4,3,1,4,4,5,4,4,5,5,4,4,4,4,4,4,4,4,3,4,3,4,4
1,4,5,5,5,5,5,2,1,4,4,4,4,5,4,5,5,5,4,5,5,4,5,5,3,4,5,5,4,3,1,4,4,5,4,4,5,5,4,4,4,4,4,4,4,4,3,4,3,4,4
1,4,5,5,5,5,5,2,1,4,4,4,4,5,4,5,5,5,4,5,5,4,5,5,3,4,5,5,4,3,1,4,4,5,4,4,5,5,4,4,4,4,4,4,4,4,3,4,3,4,4
1,4,2,4,2,2,2,2,2,4,4,4,4,2,3,4,5,5,5,5,3,5,5,4,3,4,4,5,2,2,2,1,1,2,2,3,1,2,1,2,1,3,1,3,3,3,3,2,2,4,4
1,4,2,4,2,2,2,2,2,4,4,4,4,2,3,4,5,5,5,5,3,5,5,4,3,4,5,5,2,2,2,1,1,2,2,3,1,2,1,2,1,3,1,3,3,3,3,2,2,3,3
1,4,2,4,2,2,2,2,2,4,4,4,4,2,3,4,5,5,5,5,3,5,5,4,3,4,5,5,2,2,2,1,1,2,2,3,1,2,1,2,1,3,1,3,3,3,3,2,2,3,3
1,4,2,4,2,2,2,2,2,4,4,4,4,2,3,4,5,5,5,5,3,5,5,4,3,4,5,5,2,2,2,1,1,2,2,3,1,2,1,2,1,3,1,3,3,3,3,2,2,3,3
1,4,2,4,2,2,2,2,2,4,4,4,4,2,3,4,5,5,5,5,3,5,5,4,3,4,5,5,2,2,2,1,1,2,2,3,1,2,1,2,1,3,1,3,3,3,3,2,2,3,3
2,4,4,4,5,5,5,2,1,5,3,4,5,4,4,4,4,4,5,5,4,5,4,5,4,4,5,4,3,1,4,3,1,2,2,3,3,3,4,4,2,2,3,4,4,4,3,4,3,4,4
1,4,4,4,5,5,5,2,1,5,3,4,5,4,4,4,4,4,5,5,4,5,4,5,4,4,5,4,3,1,4,3,1,2,2,3,3,3,4,4,2,2,3,4,4,4,3,4,3,4,4
2,4,4,4,5,5,5,2,1,5,3,4,5,4,4,4,4,4,5,5,4,5,4,5,4,4,5,4,3,1,4,3,1,2,2,3,3,3,4,4,2,2,3,4,4,4,3,4,3,4,4
2,4,4,4,5,5,5,2,1,5,3,4,5,4,4,4,4,4,5,5,4,5,4,5,4,4,5,4,3,1,4,3,1,2,2,3,3,3,4,4,2,2,3,4,4,4,3,4,3,4,4
2,4,4,4,5,5,5,2,1,5,3,4,5,4,4,4,4,4,5,5,4,5,4,5,4,4,5,4,3,1,4,3,1,2,2,3,3,3,4,4,2,2,3,4,4,4,3,4,3,4,4
2,5,4,4,4,4,4,3,2,3,3,3,4,2,2,3,3,3,4,3,3,5,5,5,3,4,4,4,4,1,1,1,4,4,4,2,2,2,2,2,1,5,1,1,5,5,2,4,4,4,4
1,5,5,5,5,5,5,2,1,5,4,3,4,5,5,4,4,4,3,4,3,4,4,4,3,5,5,5,5,3,3,3,4,3,3,4,3,3,3,3,4,4,3,3,4,4,4,4,4,4,4
2,5,5,5,5,5,5,1,1,5,5,5,5,5,5,5,5,5,5,5,5,4,4,4,4,5,5,5,5,4,3,3,2,2,2,3,3,3,3,3,3,3,4,3,4,4,4,4,3,4,4
1,5,5,5,5,5,5,2,1,5,5,5,5,5,5,5,5,5,5,5,5,4,4,3,3,5,4,5,4,3,3,3,3,4,3,3,3,4,3,3,3,3,3,3,4,4,4,5,4,4,4
1,6,5,5,5,5,5,1,1,5,5,5,5,5,5,5,5,5,5,5,5,4,5,5,5,5,5,5,5,3,3,3,4,4,3,4,3,4,4,4,4,5,4,5,5,4,5,5,4,5,4
1,4,5,5,5,5,5,1,1,4,3,5,5,4,4,5,5,5,5,5,3,5,5,5,2,5,5,5,4,3,3,4,4,4,3,3,3,3,4,3,3,2,3,2,3,4,3,2,3,3,2
1,4,5,5,5,5,5,1,1,4,3,5,5,4,4,5,5,5,5,3,3,5,5,5,4,5,5,5,4,3,3,4,4,4,3,3,3,3,4,3,3,2,3,2,3,4,3,2,3,3,2
1,4,5,5,5,5,5,1,1,4,3,5,5,4,4,5,5,5,5,3,5,5,5,5,4,5,5,5,4,3,3,4,4,4,3,3,3,3,4,3,3,2,3,2,3,4,3,2,3,3,2
1,4,5,5,5,5,5,1,1,4,3,5,5,4,4,5,5,5,5,5,3,5,5,5,4,5,5,5,4,3,3,4,4,4,3,3,3,3,4,3,3,2,3,2,3,4,3,2,3,3,2
1,4,5,5,5,5,5,1,1,4,3,5,5,4,4,5,5,5,5,5,3,5,5,5,4,5,5,5,4,3,3,4,4,4,3,3,3,3,4,3,3,2,3,2,3,4,3,2,3,3,2
1,5,2,2,2,5,2,1,4,4,4,4,4,3,4,5,5,5,4,4,3,5,5,4,3,4,5,5,5,3,4,2,2,2,4,4,4,5,4,4,2,4,3,4,4,5,4,4,4,4,4
1,5,2,2,2,5,2,1,4,4,4,4,4,3,4,5,5,5,4,4,3,5,5,4,3,4,5,5,5,3,4,2,2,2,3,3,3,5,4,4,2,4,3,4,4,5,4,4,4,4,4
1,5,2,2,2,5,2,1,4,4,4,4,4,3,4,5,5,5,4,4,3,5,5,4,3,4,5,5,5,3,4,2,2,2,4,4,4,5,4,4,2,4,3,4,4,5,4,4,4,4,4
1,5,2,2,2,5,2,1,4,4,4,4,4,3,4,5,5,5,4,4,3,5,5,4,3,4,5,5,5,3,4,2,2,2,4,4,4,5,4,4,2,4,3,4,4,5,4,4,4,4,4
1,5,2,2,2,5,2,1,4,4,4,4,4,3,4,5,5,5,4,4,3,5,5,4,3,4,5,5,5,3,4,2,2,2,4,4,4,5,4,4,2,4,3,4,4,5,4,4,4,4,4
2,3,3,3,4,5,4,2,2,2,5,4,3,3,3,4,4,3,3,3,3,3,3,3,4,3,4,4,4,3,2,2,3,3,3,3,4,3,3,3,2,3,3,3,3,3,4,4,3,4,4
2,3,3,3,4,5,4,2,2,5,4,3,3,3,3,4,4,3,3,3,3,3,3,3,4,3,4,4,4,3,2,2,3,3,3,3,4,3,3,3,2,3,3,3,3,3,4,4,3,4,4
2,3,3,3,4,5,4,2,2,5,4,3,3,3,3,3,3,3,3,3,3,3,3,3,4,3,4,4,4,3,2,2,3,3,3,3,4,3,3,3,2,3,3,3,3,3,4,4,3,4,4
2,3,3,3,4,5,4,2,2,5,4,3,3,3,3,4,4,3,3,3,3,3,3,3,4,3,4,4,4,3,2,2,3,3,3,3,4,3,3,3,2,3,3,3,3,3,4,4,3,4,4
2,3,3,3,4,5,4,2,2,5,4,3,3,3,3,4,4,3,3,3,3,3,3,3,4,3,4,4,4,3,2,2,3,3,3,3,4,3,3,3,2,3,3,3,3,3,4,4,3,4,4
2,5,5,5,4,4,4,2,2,3,2,3,4,3,3,3,4,4,4,3,3,4,4,4,3,4,4,4,4,4,4,4,3,3,3,3,4,4,4,4,4,4,4,3,3,3,4,4,4,4,4
2,5,5,5,4,4,4,2,2,3,2,3,4,3,3,3,4,4,4,3,3,4,4,4,3,4,4,4,4,4,4,4,3,3,3,3,4,4,4,4,4,4,4,3,3,3,4,4,4,4,4
2,5,5,5,4,4,4,2,2,3,2,3,4,3,3,3,4,4,4,3,3,4,4,4,3,4,4,4,4,4,4,4,3,3,3,3,4,4,4,4,4,4,4,3,3,3,5,5,5,5,5
2,5,5,5,4,4,4,2,2,3,2,3,4,3,3,3,4,4,4,3,3,4,4,4,3,4,4,4,4,4,4,4,3,3,3,3,4,4,4,4,4,4,4,3,3,3,5,5,5,5,5
2,5,5,5,4,4,4,2,2,3,2,3,4,3,3,3,4,4,4,3,3,4,4,4,3,4,4,4,4,4,4,4,3,3,3,3,4,4,4,4,4,4,4,3,3,3,5,5,5,5,5
2,6,3,3,4,4,4,2,2,5,4,3,3,3,3,4,4,3,3,3,3,3,3,3,4,3,4,4,4,2,2,2,3,3,3,3,4,4,3,3,2,3,3,3,3,2,2,3,3,2,3
2,6,3,3,4,4,4,2,2,5,4,3,3,3,3,4,4,3,3,3,3,3,3,3,4,3,4,4,4,2,2,2,3,3,3,3,4,3,3,3,2,3,3,3,3,2,2,3,3,2,3
2,6,3,3,4,4,4,2,2,5,4,3,3,3,3,4,4,3,3,3,3,3,3,4,4,3,4,4,4,2,2,2,3,3,3,3,4,3,3,3,2,3,3,3,3,2,2,3,3,2,3
2,6,3,3,4,4,4,2,2,5,4,3,3,3,3,4,4,3,3,3,3,3,3,3,4,3,4,4,4,2,2,2,3,3,3,3,4,3,3,3,2,3,3,3,3,2,2,3,3,2,3
2,6,3,3,4,4,4,2,2,5,4,3,3,3,3,4,4,3,3,3,3,3,3,3,4,3,4,4,4,2,2,2,3,3,3,3,4,3,3,3,2,3,3,3,3,2,2,3,3,2,3
2,2,5,5,5,5,5,1,2,4,5,5,5,4,4,3,5,5,4,4,4,4,4,4,5,5,5,5,5,4,4,5,5,5,5,5,5,4,4,3,5,5,5,5,5,5,3,4,3,4,4
2,2,5,5,5,5,5,1,2,4,5,5,5,4,4,3,5,5,4,4,4,4,4,4,5,5,5,5,5,4,4,5,5,5,5,5,5,4,4,3,5,5,5,5,5,4,3,4,3,4,4
2,2,5,5,5,5,5,1,2,4,5,5,5,4,4,3,5,5,4,4,4,4,4,4,5,5,5,5,5,4,4,5,5,5,5,5,5,4,4,3,5,5,5,5,5,4,3,4,3,4,4
2,2,5,5,5,5,5,1,2,4,5,5,5,4,4,3,5,5,4,4,4,4,4,4,5,5,5,5,5,4,4,5,5,5,5,5,5,4,4,3,5,5,5,5,5,4,3,4,3,4,4
2,2,5,5,5,5,5,1,2,4,5,5,5,4,4,3,5,5,4,4,4,4,4,4,5,5,5,5,5,4,4,5,5,5,5,5,5,4,4,3,5,5,5,5,5,4,3,4,3,4,4
1,3,4,5,4,5,2,4,3,4,3,3,1,3,2,2,2,2,1,2,1,1,2,2,2,2,1,1,1,2,3,5,3,3,5,1,3,3,3,1,1,1,3,3,2,5,5,4,2,4,3
1,4,5,4,5,4,4,2,4,4,3,4,2,2,3,5,5,5,5,3,3,5,5,4,4,4,5,4,3,3,1,1,1,2,1,2,1,2,2,3,2,2,3,4,3,3,3,2,2,2,2
1,4,5,4,5,4,4,2,4,4,3,4,2,2,3,5,5,5,5,3,3,5,5,4,4,4,5,4,3,3,1,1,1,2,1,2,1,2,2,3,2,2,3,4,3,3,3,2,2,2,2
1,4,5,4,5,4,4,2,4,4,3,3,2,2,5,3,5,5,5,3,3,5,5,4,4,5,5,4,3,3,1,1,1,2,1,2,1,2,2,3,2,2,3,4,3,3,3,2,2,2,2
1,4,5,4,5,4,4,2,4,4,3,4,2,2,3,5,5,5,5,3,3,5,5,4,4,4,5,4,3,3,1,1,1,2,1,2,1,2,2,3,2,2,3,4,3,3,3,2,2,2,2
1,4,5,4,5,4,4,2,4,4,3,4,2,2,3,5,5,5,5,3,3,5,5,4,4,4,5,4,3,3,1,1,1,2,1,2,1,2,2,3,2,2,3,4,3,3,3,2,2,2,2
1,3,5,5,5,5,5,1,3,1,3,3,5,5,5,5,5,2,4,2,1,5,5,5,5,5,5,5,5,5,5,1,1,2,1,1,1,1,1,1,1,1,1,3,3,4,4,4,4,4,4
1,3,5,5,5,5,5,1,3,1,3,3,5,5,5,5,5,1,4,2,1,5,5,5,5,5,5,5,5,5,5,5,1,1,1,1,1,1,1,1,1,1,1,3,3,4,4,4,3,3,4
1,3,5,5,5,5,5,1,3,1,3,3,5,5,5,5,5,1,4,2,1,5,5,5,5,5,5,5,5,5,5,5,1,1,2,1,1,1,1,1,1,1,1,3,3,4,4,4,3,3,4
1,3,5,5,5,5,5,3,1,5,4,3,4,4,3,4,4,4,3,4,4,4,4,4,3,3,4,4,2,2,4,1,2,3,2,3,2,3,2,2,3,2,2,3,4,4,4,3,3,3,4
1,5,4,5,4,5,5,2,1,4,5,5,5,5,5,4,3,4,3,3,3,5,4,3,3,4,4,4,5,2,2,3,2,2,4,2,3,3,2,3,2,4,3,2,4,4,5,5,5,4,4
1,6,5,5,5,5,5,1,1,5,5,5,5,5,5,5,5,5,5,5,5,5,5,5,5,5,5,5,5,4,3,4,4,4,4,3,3,3,3,4,4,4,4,4,4,4,4,3,3,4,4
1,6,5,5,5,5,5,3,1,5,5,5,5,4,5,4,4,4,5,5,5,5,5,4,3,4,4,5,5,5,3,4,3,2,3,3,4,3,4,3,4,4,3,3,4,4,5,5,4,4,3
1,6,4,4,5,3,5,2,1,5,4,5,5,5,5,5,5,5,5,4,4,4,3,3,3,5,5,4,2,3,4,4,4,4,4,4,4,4,4,4,4,5,5,5,5,3,4,4,3,5,5
1,6,5,5,5,5,4,1,2,5,5,4,4,5,5,5,5,5,4,5,5,5,5,5,5,4,5,4,3,2,4,4,5,5,3,3,4,4,4,5,5,5,3,4,5,4,5,5,4,4,4
1,4,4,5,4,5,4,2,2,4,3,5,4,3,4,4,5,4,4,4,3,4,4,4,4,4,4,5,4,4,4,4,3,2,3,2,4,5,4,4,3,4,4,4,5,4,3,2,3,4,3
1,4,4,5,4,5,4,2,2,4,3,5,4,3,4,4,5,4,4,4,3,4,4,4,4,4,4,5,4,4,4,4,3,2,3,2,4,5,4,4,3,4,4,4,5,4,3,2,3,4,3
1,4,4,5,4,5,4,2,2,4,3,5,4,3,4,4,5,4,4,4,3,4,4,4,4,4,4,5,4,4,4,4,3,2,3,2,4,5,4,4,3,4,4,4,5,4,3,2,3,4,3
1,4,4,5,4,5,4,2,2,4,3,5,4,3,3,3,5,4,4,4,3,4,4,4,4,4,4,5,4,4,4,4,3,2,3,2,4,5,4,4,3,4,4,4,5,4,3,2,3,4,3
1,4,4,5,4,5,4,2,2,4,3,5,4,3,4,4,5,4,4,4,3,4,4,4,4,4,4,5,4,4,4,4,3,2,3,2,4,5,4,4,3,4,4,4,5,4,3,2,3,4,3
1,4,5,4,4,5,4,2,2,5,4,5,5,5,5,5,5,5,4,4,3,3,3,4,3,5,4,4,5,2,3,3,4,3,4,4,4,4,3,5,4,4,3,3,4,4,4,4,4,4,4
1,5,5,5,5,5,5,1,1,5,5,5,5,5,5,5,5,5,5,5,5,5,4,5,3,4,4,4,4,4,3,3,3,4,3,4,4,3,4,3,4,5,5,5,5,5,4,5,5,5,4
1,5,4,3,4,3,5,2,1,5,5,5,5,5,5,5,5,5,5,5,4,4,4,4,3,5,5,5,5,3,3,3,2,2,2,3,4,3,2,2,3,2,2,3,4,4,4,5,5,3,4
1,6,4,5,4,4,5,2,1,5,4,5,5,5,5,5,4,5,5,5,5,4,5,5,5,5,5,5,5,4,5,5,3,2,2,3,4,3,4,3,4,4,4,5,5,4,5,5,5,5,4
1,6,5,4,5,5,4,1,1,5,5,4,4,4,5,4,5,5,5,5,5,3,5,4,5,4,5,5,5,5,3,4,2,3,4,3,4,3,4,4,4,4,4,4,4,4,5,4,3,4,4
1,6,5,4,5,5,4,3,1,5,5,4,5,5,5,5,5,4,4,5,5,4,5,5,4,5,5,5,4,2,2,2,3,3,4,4,5,5,5,3,4,3,4,4,4,4,4,4,4,4,4
1,6,5,5,4,5,4,2,1,5,5,5,5,5,4,5,5,5,5,5,5,4,5,5,3,4,5,5,5,5,5,2,3,3,3,3,4,4,4,4,5,5,3,3,3,4,4,4,4,4,4
2,5,5,4,3,4,4,1,3,5,4,3,4,4,5,5,5,5,4,5,5,5,5,5,5,5,5,5,5,3,4,4,2,3,3,3,2,3,3,4,4,4,4,5,5,5,4,4,3,3,4
2,6,4,3,5,4,5,1,2,5,4,4,5,5,5,5,5,5,4,4,5,4,4,5,5,4,5,5,5,2,3,4,3,3,4,4,5,5,5,5,5,5,5,5,5,4,3,3,3,4,4
1,2,4,4,4,3,4,3,2,4,4,3,4,4,4,4,5,5,5,4,4,3,4,4,3,5,5,5,5,5,3,2,3,2,3,2,3,3,2,2,2,3,2,2,4,4,5,5,3,4,4
2,5,5,5,5,5,5,1,2,5,3,5,5,5,5,5,5,5,5,5,3,5,5,5,4,5,5,5,5,3,3,4,4,2,3,3,2,3,3,2,3,3,2,3,4,4,2,4,4,3,4
2,5,5,5,5,5,5,1,2,5,3,5,5,5,5,5,5,5,5,5,3,5,5,5,4,5,5,5,5,3,3,4,4,2,3,3,2,3,3,2,3,3,2,3,4,4,2,4,4,3,4
2,5,5,5,5,5,5,1,2,5,3,5,5,5,5,5,5,5,5,5,3,5,5,5,4,5,5,5,5,3,3,4,4,2,3,3,2,3,3,2,3,3,2,3,4,4,2,4,4,3,4
2,5,5,5,5,5,5,1,2,5,3,5,5,5,5,5,5,5,5,5,3,5,5,5,4,5,5,5,5,3,3,4,4,2,3,3,2,3,3,2,3,3,2,3,4,4,2,4,4,3,4
2,5,5,5,5,5,5,1,2,5,3,5,5,5,5,5,5,5,5,5,3,5,5,5,4,5,5,5,5,3,3,4,4,2,3,3,2,3,3,2,3,3,2,3,4,4,2,4,4,3,4
2,5,5,5,5,5,5,1,2,5,3,5,5,5,5,5,5,5,5,5,3,5,5,5,4,5,5,5,5,3,3,4,4,2,3,3,2,3,3,2,3,3,2,3,4,4,2,4,4,3,4
1,5,5,5,5,5,5,1,2,5,3,5,5,5,5,5,5,5,5,5,3,5,5,5,4,5,5,5,5,3,3,4,4,2,3,3,2,3,3,2,3,3,2,3,4,4,2,4,4,3,4
1,4,5,5,5,5,5,1,2,5,3,5,5,5,5,5,5,5,5,5,3,5,5,5,4,5,5,5,5,3,3,4,4,2,3,3,2,3,3,2,3,3,2,3,4,4,4,2,4,3,4
1,5,5,5,5,5,5,1,2,5,3,5,5,5,5,5,5,5,5,5,3,5,5,5,4,5,5,5,5,3,3,4,4,2,3,3,2,3,3,2,3,3,2,3,4,4,2,4,4,3,4
1,6,5,5,5,5,5,1,2,5,3,5,5,5,5,5,5,5,5,5,3,5,5,5,4,5,5,5,5,3,3,4,4,2,3,3,2,3,3,2,3,3,2,3,4,4,2,4,4,3,4
1,5,5,5,5,5,5,1,2,5,3,5,5,5,5,5,5,5,5,5,3,5,5,5,4,5,5,5,5,3,3,4,4,2,3,3,2,3,3,2,3,3,2,3,4,4,2,4,4,3,4
1,5,5,5,5,5,5,1,2,5,3,5,5,5,5,5,5,5,5,5,3,5,5,5,4,5,5,5,5,3,3,4,4,2,3,3,2,3,3,2,3,3,2,3,4,4,2,4,4,3,4
1,5,5,5,5,5,5,1,2,5,3,5,5,5,5,5,5,5,5,5,3,5,5,5,4,5,5,5,5,3,3,4,4,2,3,3,2,3,3,2,3,3,2,3,4,4,2,4,4,3,4
1,5,5,5,5,5,5,1,2,5,3,5,5,5,5,5,5,5,5,5,3,5,5,5,4,5,5,5,5,3,3,4,4,2,3,3,2,3,3,2,3,3,2,3,4,4,2,4,4,3,4
1,5,5,5,5,5,5,1,2,5,3,5,5,5,5,5,5,5,5,5,3,5,5,5,4,5,5,5,5,3,3,4,4,2,3,3,2,3,3,2,3,3,2,3,4,4,2,4,4,3,4
1,5,5,5,5,5,5,1,2,5,3,5,5,5,5,5,5,5,5,5,3,5,5,5,4,5,5,5,5,3,3,4,4,2,3,3,2,3,3,2,3,3,2,3,4,4,2,4,4,3,4
1,4,5,5,5,5,5,1,2,5,3,5,5,5,5,5,5,5,5,5,3,5,5,5,4,5,5,5,5,3,3,4,4,2,3,3,2,3,3,2,3,3,2,3,4,4,2,4,4,3,4
2,3,5,5,5,5,5,1,2,5,3,5,5,5,5,5,5,5,5,5,3,5,5,5,4,5,5,5,5,3,3,4,4,2,3,3,2,3,3,2,3,3,2,3,4,4,2,4,4,3,4
1,2,5,5,5,5,5,1,2,5,3,5,5,5,5,5,5,5,5,5,3,5,5,5,4,5,5,5,5,3,3,4,4,2,3,3,2,3,3,2,3,3,2,3,4,4,2,4,4,3,4
1,6,5,5,5,5,5,1,2,5,3,5,5,5,5,5,5,5,5,5,3,5,5,5,4,5,5,5,5,3,3,4,2,3,3,3,2,3,3,2,3,3,2,3,4,4,2,4,4,3,5
1,5,5,5,5,5,5,1,2,5,3,5,5,5,5,5,5,5,5,5,3,5,5,5,4,5,5,5,5,3,3,4,4,2,3,3,2,3,3,2,3,3,2,3,4,4,2,4,4,3,4
1,4,5,5,5,5,5,1,2,5,3,5,5,5,5,5,5,5,5,5,3,5,5,5,4,5,5,5,5,3,3,4,4,2,3,3,2,3,3,2,3,3,2,3,4,4,2,4,4,3,4
1,4,5,5,5,5,5,1,2,5,3,5,5,5,5,5,5,5,5,5,3,5,5,5,4,5,5,5,5,3,3,4,4,2,3,3,2,3,3,2,3,3,2,3,4,4,2,4,4,3,4
1,4,5,5,5,5,5,1,2,5,3,5,5,5,5,5,5,5,5,5,3,5,5,5,4,5,5,5,5,3,3,4,4,2,3,3,2,3,3,2,3,3,2,3,4,4,2,4,4,3,4
1,3,5,5,5,5,5,1,2,5,3,5,5,5,5,5,5,5,5,5,3,5,5,5,4,5,5,5,5,3,3,4,4,2,3,3,2,3,3,2,3,3,2,3,4,4,2,4,4,3,4
1,4,3,1,5,1,5,1,5,5,1,5,5,5,1,5,5,5,5,5,1,5,5,5,5,5,5,5,5,3,5,5,5,5,5,5,5,5,5,5,5,5,5,5,5,5,5,5,5,5,5
1,3,5,5,5,5,5,1,1,5,5,5,5,4,5,5,5,5,4,4,4,5,5,5,5,4,5,5,4,5,4,4,4,4,5,2,2,4,5,4,2,4,4,4,5,5,5,4,2,5,4
1,3,5,5,5,5,5,1,2,5,3,5,5,5,5,5,5,5,5,5,3,5,5,5,4,5,5,5,5,3,3,4,4,2,3,3,2,3,3,2,3,3,2,3,4,4,2,4,4,3,4
1,3,5,5,5,5,5,1,2,5,3,5,5,5,5,5,5,5,5,5,3,5,5,5,4,5,5,5,5,3,3,4,4,2,3,3,2,3,3,2,3,3,2,3,4,4,2,4,4,3,4
2,3,5,5,5,5,5,1,2,5,3,5,5,5,5,5,5,5,5,5,3,5,5,4,5,5,5,5,5,3,3,4,4,2,3,3,2,3,3,2,3,3,2,3,4,4,2,4,4,3,4
2,3,5,5,5,5,5,1,2,5,3,5,5,5,5,5,5,5,5,5,3,5,5,5,4,5,5,5,5,3,3,4,2,3,3,3,2,3,3,3,3,3,2,3,4,4,2,4,4,3,4
2,2,5,5,5,5,5,1,2,5,3,5,5,5,5,5,5,5,5,5,3,5,5,5,4,5,5,5,5,3,3,4,4,2,3,3,2,3,3,2,4,3,2,3,4,4,2,4,3,3,4
2,3,5,5,5,5,5,1,2,5,3,5,5,4,5,5,5,5,5,5,3,5,5,5,4,5,5,5,5,3,3,4,4,2,3,3,2,3,3,2,3,3,2,3,4,4,2,3,4,4,4
1,4,5,5,5,5,4,1,2,5,3,5,5,5,5,5,5,5,5,5,3,5,5,5,4,5,5,5,5,3,3,4,4,2,3,3,2,3,3,2,3,3,2,3,4,4,2,4,4,3,4
2,4,5,5,5,5,5,1,2,5,4,4,5,5,5,5,5,5,5,5,3,4,5,5,4,5,4,5,5,3,3,4,4,2,3,3,2,3,3,2,3,3,2,3,4,4,2,4,4,3,4
2,4,5,5,5,5,5,1,2,5,5,5,5,5,5,5,5,5,5,5,3,5,5,5,4,5,5,5,5,3,3,4,4,2,3,3,2,3,3,2,3,3,2,3,4,4,2,4,4,3,4
1,5,5,5,5,5,5,1,2,5,3,5,5,5,5,5,5,5,5,5,3,5,5,5,4,5,5,5,5,3,3,4,4,2,3,3,2,3,3,2,3,3,2,3,3,4,2,4,4,3,4
1,3,5,5,5,5,5,1,2,5,3,5,5,5,5,5,5,5,5,5,3,5,5,5,4,5,5,5,5,3,3,4,4,2,3,3,2,3,3,2,3,3,2,3,4,4,2,4,4,3,4
1,6,5,5,5,5,5,1,2,5,3,5,5,5,5,5,5,5,5,5,3,5,5,5,4,5,5,5,5,3,3,4,4,2,3,3,2,3,3,2,3,3,2,3,4,4,2,4,4,3,4
1,5,5,5,5,5,5,1,2,5,3,5,5,5,5,5,5,5,5,5,3,5,5,5,5,5,5,5,5,3,4,4,4,2,3,3,2,3,3,2,3,3,2,3,4,4,2,4,4,3,4
1,5,5,5,5,5,5,1,2,5,3,5,5,5,5,5,5,5,5,5,5,5,5,5,4,5,4,5,5,3,3,4,4,2,3,3,2,3,3,2,3,3,2,3,4,4,2,4,4,3,4
1,6,5,5,5,5,5,1,2,5,5,5,5,5,5,5,5,5,5,5,3,5,5,5,4,5,5,5,5,3,3,4,4,2,3,3,2,3,3,2,3,3,2,3,4,4,2,4,4,3,4
1,3,5,4,5,5,5,1,2,5,3,5,5,5,5,5,5,5,5,5,3,5,5,5,4,5,5,5,5,3,3,4,4,2,3,3,2,3,3,2,3,3,2,3,4,4,2,4,4,3,4
1,5,5,5,5,5,5,1,2,5,3,5,5,5,5,5,5,5,5,5,3,5,4,5,4,5,5,5,5,3,3,4,4,2,3,3,2,3,3,2,3,3,2,3,4,4,2,4,4,3,4
1,4,5,5,5,5,5,1,2,5,3,5,5,5,5,5,5,5,5,5,3,5,5,5,4,5,5,5,5,3,3,4,4,2,3,3,2,3,3,2,3,3,2,3,4,4,2,4,4,3,4
1,5,5,5,5,5,5,1,2,5,3,5,5,5,5,5,5,5,4,5,5,5,5,5,4,5,5,5,5,3,3,4,4,2,3,3,2,3,3,2,3,3,2,4,4,4,2,4,4,3,4
2,5,5,5,5,5,5,1,2,5,3,5,5,5,5,5,5,5,5,5,3,5,5,5,4,5,5,5,5,3,3,4,4,2,3,3,2,3,3,2,3,3,2,4,4,4,2,4,4,3,4
2,3,5,5,5,5,5,1,2,5,3,5,5,5,5,5,5,5,5,5,3,5,5,5,4,5,5,5,5,3,3,4,4,2,3,3,2,3,3,2,3,3,2,3,4,4,2,4,4,4,4
1,4,5,5,5,5,5,1,2,5,3,5,5,5,5,5,5,5,5,5,3,5,5,5,2,5,5,5,5,3,3,4,4,2,3,3,2,3,3,2,3,3,2,3,4,4,2,4,4,3,4
1,3,5,5,5,5,5,1,2,5,3,5,5,5,5,5,5,5,5,5,5,5,5,5,4,5,5,5,5,3,3,4,4,2,3,3,2,3,3,2,3,3,2,3,4,4,3,4,4,4,4
1,3,5,5,5,5,5,1,2,5,3,5,5,5,5,5,5,5,5,5,3,5,5,5,4,5,5,5,5,3,3,4,4,2,3,3,2,3,3,2,3,3,2,3,4,4,2,4,4,3,4
1,3,5,5,5,5,5,1,2,5,3,5,5,5,5,5,5,5,5,5,3,5,5,5,4,5,5,5,5,3,3,4,4,2,3,3,2,3,3,2,3,3,2,3,4,4,2,4,4,3,4
1,5,5,5,5,5,5,1,2,5,3,5,5,5,5,5,5,5,5,5,3,5,5,5,4,5,5,5,5,3,3,4,4,2,3,3,2,3,3,2,3,3,2,3,4,4,2,4,4,3,4
1,4,5,5,5,5,5,1,2,5,3,5,5,5,5,5,5,5,5,5,4,5,5,5,4,5,5,5,5,4,4,5,4,2,3,4,2,3,4,5,4,4,4,5,5,4,4,4,4,5,5
1,5,5,5,5,5,5,1,2,5,3,5,5,5,5,5,5,5,5,5,3,5,5,5,4,5,5,5,5,3,3,4,4,2,3,3,2,3,3,2,3,3,2,3,4,4,2,3,4,3,4
1,5,5,5,5,5,5,1,2,5,3,5,5,5,5,5,5,5,5,5,3,5,5,5,4,5,5,5,5,3,3,4,4,2,3,3,2,3,3,2,3,3,2,3,4,4,2,4,4,3,4
1,4,5,5,5,5,5,1,2,5,3,5,5,5,5,5,5,5,5,5,4,5,5,5,4,5,5,5,5,3,3,4,4,2,3,3,2,3,3,2,3,3,2,3,4,4,4,4,4,4,4
1,5,5,5,5,5,5,1,2,5,5,5,5,5,5,5,5,5,5,5,4,5,5,5,4,5,5,5,5,4,4,4,4,2,4,4,2,5,4,4,3,5,2,4,5,5,5,5,5,5,5
1,2,5,5,5,5,5,1,2,5,5,5,5,5,5,5,5,5,5,5,5,5,5,5,5,5,5,5,5,3,4,4,4,4,4,4,2,4,4,4,5,5,2,5,5,5,2,5,4,4,4
1,5,5,5,5,5,5,1,2,5,5,5,5,5,5,5,5,5,5,5,5,5,5,5,5,5,5,5,5,5,5,4,4,2,4,4,5,5,5,5,5,5,5,5,5,5,2,5,5,5,5
1,5,5,5,5,5,5,1,2,5,5,5,5,5,5,5,5,5,5,5,5,5,5,5,4,5,5,5,5,5,5,5,4,2,5,5,2,5,5,2,5,5,2,5,5,5,5,5,5,5,5
1,5,5,5,5,5,5,1,2,5,4,5,5,5,5,5,5,5,5,5,5,5,5,5,4,5,5,5,5,4,5,5,5,5,5,5,5,5,5,5,5,5,2,5,5,5,2,5,5,4,4
1,4,5,5,5,5,5,1,2,5,4,5,5,5,5,5,5,5,5,5,5,5,5,5,5,5,5,5,5,5,5,5,5,2,5,5,2,5,5,2,5,5,5,4,4,4,5,5,5,4,4
1,6,5,5,5,5,5,1,2,5,5,4,4,5,5,5,5,5,5,5,5,5,5,5,4,5,4,4,4,3,3,4,4,2,4,4,2,5,5,2,4,4,2,4,4,4,3,5,4,4,4
1,5,5,5,5,5,5,1,2,5,4,5,5,5,5,5,5,5,5,5,5,5,5,5,4,5,5,5,5,3,4,4,5,2,4,4,2,5,5,2,5,5,2,5,5,5,4,4,4,4,4
