jender,sabeghe,q1,q2,q3,q4,q5,q6,q7,q8,q9,q10,q11,q12,q13,q14,q15,q16,q17,q18,q19,q20,q21,q22,q23,q24,q25,q26,q27,q28,q29,q30,q31,q32,q33,q34,q35,q36,q37,q38,q39,q40,q41,q42,q43,q44,q45,q46,q47,q48,q49,shenakhti,atefi,raftari,taghir,taghirgoye,noavarane,yadgiri,khod,mosharekat,mosbatandishi,manadarboudan,alaghe,neshatgoye,neshat
1,5,3,5,5,5,4,2,1,5,4,4,4,4,3,4,4,4,5,5,3,4,5,5,4,4,5,4,4,4,4,4,3,5,4,3,2,4,3,3,3,4,3,3,4,5,5,4,3,4,3,4.4,4.2,4.16666666666667,4.25555555555556,4.25,4.25,4,3.4,3.33333333333333,3.25,4.5,3.5,3.59090909090909,3.66388888888889
1,3,1,4,5,5,4,1,1,5,5,5,5,2,5,5,5,1,5,5,5,5,5,5,5,5,5,5,4,4,4,5,4,5,4,4,3,5,4,5,3,5,4,5,5,5,5,5,5,5,5,3.8,4.4,4.33333333333333,4.17777777777778,4.1875,5,4.25,4,4.66666666666667,4.25,5,5,4.45454545454545,4.52777777777778
1,3,5,5,5,5,4,1,2,5,5,4,5,5,5,4,4,5,4,4,4,5,5,4,4,5,5,4,4,4,4,4,5,4,4,4,4,4,4,4,4,2,2,5,4,4,5,5,4,5,4,4.8,4.8,4.33333333333333,4.64444444444444,4.625,4.5,4,4.2,4,3.25,4,4.5,4,3.99166666666667
1,4,5,5,5,5,5,2,1,5,3,5,5,4,4,5,5,5,5,5,4,4,5,4,5,4,5,4,3,3,1,3,4,2,3,3,1,4,3,2,4,4,4,3,4,3,4,1,1,5,4,5,4.4,4.83333333333333,4.74444444444444,4.75,4.375,2.5,2.6,3,3.75,3.5,2.75,2.95454545454545,3.01666666666667
2,6,5,5,5,5,4,1,1,5,2,5,5,4,4,5,5,5,5,5,5,5,5,5,5,5,5,5,1,2,1,1,1,2,1,4,1,1,1,1,1,2,1,1,1,1,2,1,1,2,1,4.8,4.2,4.83333333333333,4.61111111111111,4.625,5,1.25,1.8,1,1.25,1,1.25,1.31818181818182,1.25833333333333
1,4,3,3,5,5,1,3,4,4,4,4,5,5,1,4,5,5,5,5,3,5,4,5,5,5,2,5,3,1,1,1,1,1,2,3,1,3,1,1,3,3,1,1,3,4,3,2,1,4,1,3.4,4.4,4.16666666666667,3.98888888888889,4,4.25,1.5,1.6,1.66666666666667,2,3.5,2,1.90909090909091,2.04444444444444
1,2,4,4,5,5,4,1,2,3,4,5,5,4,5,5,5,4,5,5,5,5,4,4,5,4,4,4,4,3,2,1,1,1,2,1,1,1,1,1,1,2,2,1,2,2,2,4,4,4,4,4.4,4.2,4.83333333333333,4.47777777777778,4.5,4.375,2.5,1.2,1,1.5,2,4,2.04545454545455,2.03333333333333
1,2,4,3,5,4,5,1,4,5,5,2,4,5,4,3,4,3,2,4,3,3,3,3,5,5,5,2,3,1,1,1,2,3,3,2,1,4,3,5,4,5,1,2,4,4,4,4,2,4,2,4.2,4.2,3.33333333333333,3.91111111111111,3.875,3.625,1.5,2.2,4,3,4,3,2.77272727272727,2.95
1,3,3,4,4,4,4,2,4,5,4,4,5,4,4,4,5,4,4,4,4,5,4,4,4,4,4,5,2,1,1,2,2,2,1,2,2,2,3,2,1,4,2,4,2,4,2,2,4,4,2,3.8,4.4,4.16666666666667,4.12222222222222,4.125,4.25,1.5,1.8,2.33333333333333,2.75,3,3,2.31818181818182,2.39722222222222
1,3,5,4,4,5,5,1,4,5,4,4,4,2,4,5,5,3,4,2,3,5,3,4,5,5,5,3,4,4,4,4,2,1,4,3,1,4,4,4,1,5,4,4,5,4,2,4,4,4,4,4.6,3.8,3.83333333333333,4.07777777777778,4.0625,4.125,4,2.2,4,3.5,4.5,4,3.54545454545455,3.7
1,4,5,4,5,5,5,1,2,5,5,5,5,5,5,5,5,5,4,5,5,4,5,5,4,4,5,4,4,3,2,3,3,4,3,2,4,3,3,3,2,2,2,3,4,4,3,4,4,3,3,4.8,5,4.83333333333333,4.87777777777778,4.875,4.5,3,3.2,3,2.25,4,3.5,3.09090909090909,3.15833333333333
1,3,5,5,5,5,4,1,2,4,1,5,5,4,4,5,5,5,4,5,5,5,5,4,5,5,5,5,4,3,3,3,3,3,3,3,3,3,3,3,3,3,3,3,3,3,3,3,3,3,3,4.8,3.8,4.66666666666667,4.42222222222222,4.4375,4.875,3.25,3,3,3,3,3,3.04545454545455,3.04166666666667
1,3,4,5,5,5,4,1,1,3,2,4,5,4,4,3,4,4,4,4,3,4,4,4,4,4,5,4,3,2,2,2,2,1,2,2,1,1,1,2,1,4,2,1,1,4,1,2,2,4,1,4.6,3.6,3.83333333333333,4.01111111111111,4,4,2.25,1.6,1.33333333333333,2,2.5,2.25,1.95454545454545,1.98888888888889
1,3,5,2,4,4,4,1,4,5,4,2,4,2,2,4,4,4,5,4,3,5,5,4,4,5,5,5,2,4,4,2,2,2,4,4,2,4,5,4,1,5,1,2,5,4,4,4,2,5,2,3.8,3.4,3.83333333333333,3.67777777777778,3.6875,4.5,3,2.8,4.33333333333333,2.25,4.5,3.25,3.18181818181818,3.35555555555556
1,3,5,2,4,4,4,1,4,5,4,4,4,4,3,5,5,5,5,5,4,5,5,5,5,5,5,5,2,5,4,2,5,5,4,4,2,4,4,4,1,5,1,4,5,5,4,4,4,5,2,3.8,4.2,4.66666666666667,4.22222222222222,4.25,4.875,3.25,4,4,2.75,5,3.75,3.68181818181818,3.79166666666667
1,4,2,2,4,5,2,2,2,2,2,4,4,4,2,4,4,4,4,4,4,4,4,4,4,4,4,4,4,1,2,2,2,1,1,2,2,1,2,2,2,4,2,2,1,4,4,2,2,4,2,3,3.2,3.66666666666667,3.28888888888889,3.3125,4,2.25,1.6,1.66666666666667,2.5,2.5,2.5,2.13636363636364,2.16944444444444
2,5,5,5,5,5,5,1,1,5,3,5,5,5,3,5,5,5,5,5,5,5,5,5,5,5,5,3,3,1,1,1,1,1,1,1,1,1,1,1,1,3,3,3,3,4,3,3,3,3,1,5,4.6,4.66666666666667,4.75555555555556,4.75,4.75,1.5,1,1,2.5,3.5,2.5,1.86363636363636,2
1,6,4,2,2,1,4,3,1,1,2,3,4,3,1,3,5,4,3,1,3,3,4,5,4,4,4,5,3,3,4,3,1,1,3,2,4,3,3,2,3,4,3,2,3,3,4,3,4,4,2,2.6,2.6,2.83333333333333,2.67777777777778,2.6875,4,3.25,2.2,2.66666666666667,3,3,3.25,2.86363636363636,2.89444444444444
1,3,5,5,5,4,4,3,3,4,3,4,4,4,5,5,4,4,4,5,4,4,5,5,4,4,5,1,1,2,1,3,4,2,3,4,2,3,4,4,2,4,2,2,4,2,4,3,1,4,2,4.6,3.8,4.5,4.3,4.3125,4,1.75,3,3.66666666666667,2.5,3,2.5,2.68181818181818,2.73611111111111
1,3,5,3,3,3,3,2,2,2,2,2,2,2,3,3,2,2,2,2,2,2,2,1,2,2,2,3,4,3,3,3,3,3,2,2,3,4,3,2,2,3,3,2,2,3,4,3,3,4,3,3.4,2,2.33333333333333,2.57777777777778,2.5625,2,3.25,2.6,3,2.5,2.5,3.25,2.86363636363636,2.85
1,2,2,2,2,4,2,2,5,4,2,2,4,4,2,4,4,4,4,3,4,4,4,4,3,3,4,4,3,2,2,2,2,2,4,4,1,2,2,2,1,4,2,4,4,4,2,2,2,4,1,2.4,3.2,3.5,3.03333333333333,3.0625,3.75,2.25,2.6,2,2.75,4,2.25,2.54545454545455,2.64166666666667
1,4,2,4,1,5,5,1,4,5,3,5,4,1,5,5,5,5,5,5,3,5,4,5,3,4,5,5,3,3,4,3,5,4,3,4,1,3,3,3,3,4,1,3,4,3,4,3,4,5,3,3.4,3.6,5,4,4.0625,4.25,3.25,3.4,3,2.75,3.5,3.75,3.27272727272727,3.275
1,3,2,5,4,5,5,1,1,5,4,5,5,4,5,5,5,5,5,4,4,5,5,5,5,5,5,4,2,1,1,1,2,1,1,1,5,4,4,4,4,5,4,4,5,4,2,4,4,5,5,4.2,4.6,4.83333333333333,4.54444444444444,4.5625,4.75,1.25,2,4,4.25,4.5,4.5,3.22727272727273,3.41666666666667
1,2,2,4,3,5,2,3,3,5,2,3,4,2,4,4,4,4,5,4,4,4,4,4,2,4,4,3,1,1,4,4,4,4,3,2,3,4,3,4,2,3,2,4,2,4,5,4,2,3,4,3.2,3.2,4.16666666666667,3.52222222222222,3.5625,3.625,2.5,3.2,3.66666666666667,2.75,3,3.25,3.04545454545455,3.06111111111111
1,4,4,2,4,5,2,2,2,2,3,2,4,4,2,2,4,4,4,4,2,4,4,4,3,4,5,4,3,3,2,2,2,2,2,2,3,2,2,4,2,4,4,3,4,3,2,4,3,2,2,3.4,3,3.33333333333333,3.24444444444444,3.25,3.75,2.5,2.2,2.66666666666667,3.25,3.5,2.75,2.72727272727273,2.81111111111111
2,2,1,5,2,2,4,2,4,5,5,3,5,4,3,5,4,4,3,4,3,5,5,5,2,2,2,4,4,2,1,1,1,2,3,4,2,1,2,4,2,4,2,3,2,3,2,2,4,4,4,2.8,4.4,3.83333333333333,3.67777777777778,3.6875,3.5,2,2.4,2.33333333333333,2.75,2.5,3.5,2.59090909090909,2.58055555555556
2,1,1,5,4,5,3,2,1,4,2,2,4,4,4,3,5,4,5,4,3,5,5,5,3,5,5,4,2,2,2,2,2,1,3,4,2,4,4,2,4,4,4,4,4,5,2,5,3,3,5,3.6,3.2,4.16666666666667,3.65555555555556,3.6875,4.375,2,2.4,3.33333333333333,4,4.5,4,3.22727272727273,3.37222222222222
1,5,3,3,4,5,2,2,4,2,2,3,4,4,3,4,4,4,4,4,4,4,4,4,4,4,4,4,4,3,1,1,1,1,1,1,1,1,1,1,1,1,1,1,1,3,2,2,2,2,2,3.4,3,3.83333333333333,3.41111111111111,3.4375,4,2.25,1,1,1,2,2,1.5,1.54166666666667
2,1,2,3,4,4,4,2,4,4,4,3,3,2,4,5,3,3,4,4,3,3,4,4,3,4,5,4,3,3,3,3,2,2,2,2,3,2,2,2,2,2,3,2,3,3,2,3,3,3,3,3.4,3.2,3.83333333333333,3.47777777777778,3.5,3.75,3,2.2,2,2.25,3,3,2.54545454545455,2.575
1,4,3,2,4,3,2,2,4,5,4,3,4,2,2,3,4,4,5,3,3,4,5,4,3,4,5,4,1,1,1,2,1,5,2,4,1,2,2,2,1,2,1,2,2,1,1,1,2,4,1,2.8,3.6,3.5,3.3,3.3125,4,1.25,2.6,2,1.5,1.5,2,1.86363636363636,1.80833333333333
1,5,1,2,1,5,2,1,1,4,2,4,4,4,3,4,4,4,4,4,4,4,5,3,3,3,5,4,4,4,3,2,1,2,2,4,1,1,2,1,1,4,1,1,5,4,2,2,2,4,1,2.2,3.6,3.83333333333333,3.21111111111111,3.25,3.875,3.25,2,1.33333333333333,1.75,4.5,2.25,2.36363636363636,2.51388888888889
1,3,2,2,2,2,2,2,4,4,4,4,4,4,4,4,4,4,4,4,4,4,4,4,4,4,4,4,3,1,4,4,1,1,3,4,1,1,1,2,1,2,4,1,2,5,4,4,2,4,1,2,4,4,3.33333333333333,3.375,4,3,2,1.33333333333333,2,3.5,2.75,2.36363636363636,2.43055555555556
1,5,3,4,5,5,1,1,4,4,4,4,5,2,2,4,5,4,4,5,4,5,5,4,4,4,5,4,3,1,1,4,1,4,4,2,2,4,4,4,1,4,1,3,4,2,4,1,2,5,3,3.6,3.8,4,3.8,3.8125,4.375,2.25,2.6,4,2.25,3,2.75,2.72727272727273,2.80833333333333
1,6,3,4,4,5,2,2,4,2,3,4,2,2,3,4,4,2,4,4,3,5,5,5,4,4,5,4,4,3,2,2,2,3,3,2,2,2,3,2,2,2,3,2,4,4,2,5,3,2,2,3.6,2.6,3.5,3.23333333333333,3.25,4.375,2.75,2.4,2.33333333333333,2.25,4,3,2.68181818181818,2.78888888888889
1,6,5,4,4,4,4,2,2,4,4,4,4,4,4,4,5,5,4,5,4,4,4,4,4,5,5,4,4,4,4,4,4,4,4,4,4,4,4,4,4,4,4,4,4,4,4,4,4,4,4,4.2,4,4.5,4.23333333333333,4.25,4.25,4,4,4,4,4,4,4,4
1,4,5,4,5,5,5,1,2,5,5,5,5,5,5,5,5,5,5,5,4,5,5,5,4,5,5,5,4,3,2,2,1,1,1,2,1,1,2,1,2,2,2,2,3,3,2,2,2,3,2,4.8,5,5,4.93333333333333,4.9375,4.75,2.75,1.2,1.33333333333333,2,3,2.25,2,2.08888888888889
1,3,3,5,5,3,3,2,4,5,5,5,5,4,5,3,5,5,5,4,5,5,5,5,3,3,5,4,4,3,3,3,3,3,3,4,3,4,3,1,3,3,3,1,3,3,4,3,3,3,3,3.8,4.8,4.5,4.36666666666667,4.375,4.375,3.25,3.2,2.66666666666667,2.5,3,3,2.95454545454545,2.93611111111111
1,3,2,2,4,3,2,2,4,2,4,3,4,2,4,4,4,3,5,4,4,5,5,4,3,4,4,4,4,1,1,2,2,1,4,1,1,2,2,2,2,2,1,1,5,5,4,2,2,2,1,2.6,3,4,3.2,3.25,4.125,2,1.8,2,1.5,5,1.75,2.09090909090909,2.34166666666667
1,3,5,5,5,4,2,1,1,4,4,3,4,2,4,3,5,4,5,4,1,3,5,3,4,3,4,4,1,1,5,4,2,2,3,2,1,2,2,3,4,4,3,3,5,4,4,2,2,4,3,4.2,3.4,4.16666666666667,3.92222222222222,3.9375,3.375,2.75,2,2.33333333333333,3.5,4.5,2.75,2.81818181818182,2.97222222222222
1,3,2,5,2,4,1,2,2,4,4,5,5,4,5,5,5,5,5,4,5,5,5,2,5,5,5,2,1,1,1,2,1,2,4,1,1,2,2,4,1,4,2,2,2,4,2,2,1,2,1,2.8,4.4,4.83333333333333,4.01111111111111,4.0625,4.25,1.25,1.8,2.66666666666667,2.25,3,1.5,1.95454545454545,2.07777777777778
1,4,2,2,5,5,2,1,4,5,4,4,4,5,5,4,4,5,5,5,4,5,5,5,4,5,5,5,5,2,4,4,2,2,2,2,2,2,4,2,4,4,2,2,2,4,4,2,2,4,2,3.2,4.4,4.66666666666667,4.08888888888889,4.125,4.75,3.75,2,2.66666666666667,3,3,2.5,2.77272727272727,2.81944444444444
1,5,5,5,5,5,1,1,1,5,5,5,5,5,5,5,5,5,5,5,5,5,5,5,5,2,5,2,1,5,1,1,1,1,1,1,1,1,1,1,1,1,1,1,1,1,1,1,1,1,1,4.2,5,5,4.73333333333333,4.75,4.25,2,1,1,1,1,1,1.18181818181818,1.16666666666667
2,4,2,5,4,5,2,2,4,4,4,5,5,2,1,5,5,4,5,4,4,5,4,4,5,5,5,4,5,4,3,5,4,3,3,4,4,4,4,2,2,5,4,4,5,4,4,4,4,4,4,3.6,4,4,3.86666666666667,3.875,4.5,4.25,3.6,3.33333333333333,3.75,4.5,4,3.86363636363636,3.90555555555556
1,3,2,2,2,2,2,2,5,5,4,5,5,4,3,3,5,5,5,5,5,5,5,5,5,4,4,4,4,4,4,4,5,4,5,3,3,4,5,5,5,4,4,4,4,3,3,5,5,5,5,2,4.6,4.33333333333333,3.64444444444444,3.6875,4.625,4,4,4.66666666666667,4.25,3.5,5,4.27272727272727,4.23611111111111
1,3,5,2,2,5,4,2,2,4,2,3,3,2,2,1,3,4,3,2,4,4,5,4,4,4,5,4,1,1,2,2,2,1,2,1,1,1,1,1,1,1,1,1,1,1,1,1,2,2,1,3.6,2.8,2.5,2.96666666666667,2.9375,4.25,1.5,1.4,1,1,1,1.5,1.27272727272727,1.23333333333333
1,4,4,1,2,3,4,2,2,4,3,2,5,4,4,5,4,3,4,4,3,5,4,4,5,4,5,4,4,5,4,3,3,4,2,5,2,4,4,4,4,3,4,4,2,3,5,5,1,3,2,2.8,3.6,4,3.46666666666667,3.5,4.25,4,3.2,4,3.75,2.5,2.75,3.40909090909091,3.36666666666667
1,4,4,5,4,5,4,2,2,4,3,5,4,3,4,4,5,4,4,4,3,4,4,4,4,4,4,5,4,4,4,4,3,2,3,2,4,5,4,4,3,4,4,4,5,4,3,2,3,4,3,4.4,3.8,4.16666666666667,4.12222222222222,4.125,4,4,2.8,4.33333333333333,3.75,4.5,3,3.59090909090909,3.73055555555556
1,4,5,5,5,5,5,1,3,1,4,3,5,5,5,5,5,1,4,2,1,5,5,5,5,5,5,5,5,5,5,5,1,1,2,1,1,1,1,1,1,1,1,3,3,4,4,3,4,4,4,5,3.6,3.66666666666667,4.08888888888889,4.0625,4.5,5,1.2,1,1.5,3.5,3.75,2.59090909090909,2.65833333333333
1,4,1,5,5,4,2,2,1,5,1,5,5,4,3,4,5,4,4,4,3,1,4,3,1,4,4,1,1,1,1,4,4,1,5,4,1,1,4,1,1,5,1,1,4,4,4,2,4,5,4,3.4,4,4,3.8,3.8125,2.625,1.75,3,2,2,4,3.75,2.68181818181818,2.75
1,5,1,5,1,4,5,2,2,5,5,4,4,4,5,4,4,4,4,3,3,4,4,4,3,5,5,5,4,4,4,4,3,4,4,3,4,5,5,4,3,4,4,5,5,4,5,4,4,4,4,3.2,4.4,4,3.86666666666667,3.875,4.125,4,3.6,4.66666666666667,4,4.5,4,4.04545454545455,4.12777777777778
2,4,4,5,5,5,5,1,1,4,4,4,5,5,5,5,5,5,5,5,5,5,5,5,5,5,5,5,4,4,1,1,2,1,1,1,4,4,4,2,2,2,2,2,2,4,4,3,3,4,4,4.8,4.4,5,4.73333333333333,4.75,5,2.5,1.8,3.33333333333333,2,3,3.5,2.59090909090909,2.68888888888889
1,5,4,2,4,5,4,3,4,4,3,4,4,3,3,4,4,4,4,4,4,4,3,4,2,3,4,3,2,1,2,2,1,1,1,2,2,2,2,2,1,3,1,2,3,4,4,3,3,4,4,3.8,3.6,3.83333333333333,3.74444444444444,3.75,3.375,1.75,1.4,2,1.75,3.5,3.5,2.18181818181818,2.31666666666667
2,5,5,4,5,5,4,1,2,3,4,4,4,4,5,5,5,5,5,5,4,4,5,5,5,5,5,5,4,4,3,4,4,4,4,4,4,4,4,4,3,4,4,4,4,4,4,4,4,4,4,4.6,3.8,5,4.46666666666667,4.5,4.75,3.75,4,4,3.75,4,4,3.90909090909091,3.91666666666667
1,6,3,2,2,3,4,2,3,4,3,3,4,3,3,4,4,3,4,4,3,4,4,3,5,4,5,4,4,4,3,3,3,3,3,4,3,3,3,4,3,4,3,4,4,4,3,3,4,4,4,2.8,3.4,3.66666666666667,3.28888888888889,3.3125,4,3.5,3.2,3.33333333333333,3.5,4,3.75,3.5,3.54722222222222
1,6,5,5,5,5,4,1,4,5,3,4,5,5,3,5,5,5,5,5,3,5,5,5,4,3,5,5,2,4,3,4,4,3,2,4,1,1,1,2,1,4,1,1,3,4,4,3,4,4,5,4.8,4.4,4.66666666666667,4.62222222222222,4.625,4.375,3.25,2.8,1.33333333333333,1.75,3.5,4,2.77272727272727,2.77222222222222
2,4,5,5,4,5,4,2,2,5,5,5,5,5,4,4,5,4,3,4,4,5,4,4,4,5,5,4,4,3,3,4,4,4,4,4,3,4,5,4,4,4,4,5,4,4,4,4,4,4,4,4.6,5,4,4.53333333333333,4.5,4.375,3.5,3.8,4.33333333333333,4.25,4,4,3.95454545454545,3.98055555555556
1,6,5,5,5,5,5,1,1,5,5,5,5,5,5,5,5,5,5,5,5,5,5,5,5,5,5,5,4,5,5,5,5,5,4,5,5,5,5,5,5,5,5,5,5,5,5,5,5,5,5,5,5,5,5,5,5,4.75,4.8,5,5,5,5,4.90909090909091,4.925
1,6,5,5,5,5,5,1,1,5,5,5,5,5,5,5,5,5,5,5,5,5,5,5,5,5,5,5,4,5,5,5,5,5,4,5,5,5,5,5,5,5,5,5,5,5,5,5,5,5,5,5,5,5,5,5,5,4.75,4.8,5,5,5,5,4.90909090909091,4.925
2,6,5,5,5,5,5,1,1,5,5,5,4,4,5,5,5,4,5,5,4,5,5,5,5,5,5,5,5,4,2,4,5,3,5,5,5,4,4,4,5,5,5,5,5,5,5,5,5,5,5,5,4.6,4.83333333333333,4.81111111111111,4.8125,4.875,3.75,4.6,4,5,5,5,4.54545454545455,4.55833333333333
2,5,5,3,4,4,2,2,3,4,3,4,4,3,3,4,4,4,4,3,3,3,4,4,4,4,4,4,3,3,3,2,2,3,3,3,4,4,4,4,2,4,3,3,4,4,3,3,3,4,3,3.6,3.6,3.66666666666667,3.62222222222222,3.625,3.75,2.75,3,4,3,4,3.25,3.22727272727273,3.33333333333333
2,4,4,4,1,5,4,1,4,3,2,3,5,5,5,1,1,5,3,4,2,4,5,5,5,5,5,4,4,4,1,2,4,5,4,3,2,3,5,4,5,3,4,4,5,4,4,4,2,4,2,3.6,3.6,3.16666666666667,3.45555555555556,3.4375,4.375,2.75,3.6,4,4,4.5,3,3.54545454545455,3.64166666666667
1,4,2,2,1,5,5,2,4,5,5,4,5,5,5,5,5,5,4,4,4,5,4,5,4,4,5,5,5,3,2,4,2,4,2,2,4,4,4,4,4,2,2,2,1,4,4,2,4,4,2,3,4.8,4.66666666666667,4.15555555555556,4.1875,4.5,3.5,2.8,4,2.5,2.5,3,3.04545454545455,3.05
2,4,4,4,4,5,5,1,1,5,4,4,5,4,4,4,5,5,4,4,5,5,4,5,5,4,5,5,5,4,3,2,4,3,3,2,4,4,3,3,2,3,2,3,3,4,3,4,3,4,3,4.4,4.4,4.33333333333333,4.37777777777778,4.375,4.75,3.5,3.2,3.33333333333333,2.5,3.5,3.5,3.22727272727273,3.25555555555556
2,3,5,4,5,5,4,4,2,4,3,3,4,4,3,5,5,4,4,4,4,4,3,3,2,4,5,3,2,1,3,3,3,4,2,2,1,4,2,2,2,4,2,3,4,4,4,2,2,4,2,4.6,3.6,4.16666666666667,4.12222222222222,4.125,3.5,2.25,2.4,2.66666666666667,2.75,4,2.5,2.63636363636364,2.76111111111111
2,3,1,5,1,5,5,2,1,5,5,5,5,5,3,5,5,1,5,5,3,4,4,5,5,5,5,5,4,4,3,4,3,2,5,4,1,2,2,4,4,4,4,4,4,5,4,4,4,4,4,3.4,5,4,4.13333333333333,4.125,4.5,3.75,3,2.66666666666667,4,4.5,4,3.59090909090909,3.65277777777778
2,5,5,5,5,5,5,2,1,5,5,5,5,5,5,5,5,4,4,4,5,5,5,5,4,5,5,5,4,4,4,3,4,2,3,3,3,4,4,4,4,4,5,5,5,4,5,5,4,4,4,5,5,4.5,4.83333333333333,4.8125,4.875,3.75,3,4,4.5,4.5,4.25,3.90909090909091,4
1,5,1,1,1,1,1,2,5,1,1,5,5,5,5,5,5,5,5,4,5,5,5,5,5,5,5,5,3,4,3,3,4,3,4,4,2,4,4,3,5,4,4,4,4,4,5,4,4,5,5,1,3.4,4.83333333333333,3.07777777777778,3.1875,5,3.25,3.4,3.66666666666667,4.25,4,4.5,3.81818181818182,3.84444444444444
1,4,5,5,5,5,4,2,2,5,3,4,5,4,3,5,5,4,5,4,5,4,5,5,4,5,5,4,3,2,1,1,1,1,1,1,1,2,1,1,1,1,1,1,1,1,1,1,1,1,1,4.8,4.2,4.33333333333333,4.44444444444444,4.4375,4.625,1.75,1,1.33333333333333,1,1,1,1.18181818181818,1.18055555555556
1,6,5,5,4,5,5,1,2,3,1,4,4,4,4,5,4,5,5,4,4,5,5,5,5,4,5,4,1,1,1,1,1,1,1,2,1,2,1,2,2,3,2,1,1,2,1,1,1,3,1,4.8,3.2,4.5,4.16666666666667,4.1875,4.625,1,1.2,1.66666666666667,2,1.5,1.5,1.45454545454545,1.47777777777778
2,5,5,5,5,5,5,2,2,4,5,3,4,5,4,4,5,4,5,4,4,4,2,4,3,5,5,5,4,4,3,2,2,4,2,2,2,4,5,4,2,4,3,4,2,4,4,5,4,4,4,5,4.2,4.33333333333333,4.51111111111111,4.5,4,3.25,2.4,4.33333333333333,3.25,3,4.25,3.36363636363636,3.41388888888889
2,5,2,4,4,4,5,2,1,4,4,3,4,2,2,4,4,3,4,2,2,4,4,4,3,4,4,4,2,1,1,1,1,1,1,1,1,1,1,1,1,1,1,1,1,2,2,3,3,2,3,3.8,3.4,3.16666666666667,3.45555555555556,3.4375,3.625,1.25,1,1,1,1.5,2.75,1.40909090909091,1.41666666666667
2,5,2,3,2,3,3,4,4,4,4,3,3,2,1,3,4,3,4,3,4,3,4,3,2,3,4,3,3,1,1,1,1,1,2,3,1,2,3,1,1,3,2,3,3,1,2,2,3,1,2,2.6,3.2,3,2.93333333333333,2.9375,3.25,1.5,1.6,2,2.25,2,2,1.86363636363636,1.89166666666667
1,5,2,3,5,2,4,2,3,3,4,4,4,3,4,3,3,4,4,4,3,3,4,5,5,4,4,4,4,3,3,4,2,3,4,4,4,3,4,4,3,4,4,4,4,4,5,5,4,4,4,3.2,3.6,3.66666666666667,3.48888888888889,3.5,4,3.5,3.4,3.66666666666667,3.75,4,4.25,3.72727272727273,3.76111111111111
2,4,2,2,5,5,2,2,3,4,4,3,4,4,3,4,3,4,5,4,3,5,4,3,4,3,4,4,3,5,3,3,4,4,3,3,4,4,4,4,1,3,3,4,4,4,4,4,3,3,4,3.2,3.8,3.83333333333333,3.61111111111111,3.625,3.75,3.5,3.6,4,2.75,4,3.5,3.5,3.55833333333333
1,4,5,5,5,5,4,2,1,5,5,5,5,5,5,5,5,5,4,5,4,4,5,4,4,4,4,4,4,2,2,2,2,2,2,2,2,4,4,2,4,4,4,4,2,4,4,4,4,2,3,4.8,5,4.83333333333333,4.87777777777778,4.875,4.125,2.5,2,3.33333333333333,4,3,3.25,2.95454545454545,3.01388888888889
1,4,5,5,5,5,4,2,1,5,5,5,5,5,5,5,5,4,4,5,4,4,5,4,4,4,4,4,4,2,2,2,2,2,2,2,2,4,4,2,4,4,4,4,2,4,4,4,4,2,3,4.8,5,4.66666666666667,4.82222222222222,4.8125,4.125,2.5,2,3.33333333333333,4,3,3.25,2.95454545454545,3.01388888888889
1,5,3,3,3,3,3,3,3,3,5,3,3,3,3,3,4,3,3,3,3,3,3,3,3,3,5,5,4,3,3,3,1,1,1,1,1,1,1,5,1,1,3,1,1,1,1,5,1,1,1,3,3.4,3.16666666666667,3.18888888888889,3.1875,3.5,3.25,1,2.33333333333333,1.5,1,2,1.86363636363636,1.84722222222222
1,2,4,3,2,4,4,2,2,4,3,3,4,4,4,3,4,2,3,4,3,4,4,3,4,3,3,4,4,3,2,2,3,3,3,3,3,3,3,3,3,3,3,3,3,3,3,4,4,4,4,3.4,3.6,3.33333333333333,3.44444444444444,3.4375,3.5,2.75,3,3,3,3,4,3.13636363636364,3.125
1,3,4,3,2,4,4,2,2,4,3,3,4,4,4,3,4,2,3,4,3,4,4,3,4,3,3,4,4,3,2,2,3,3,3,3,3,3,3,3,3,3,3,3,3,3,3,4,4,4,4,3.4,3.6,3.33333333333333,3.44444444444444,3.4375,3.5,2.75,3,3,3,3,4,3.13636363636364,3.125
1,3,4,5,5,4,4,2,2,4,3,3,4,4,3,3,4,4,4,4,4,5,4,4,3,4,4,4,3,3,3,4,3,4,4,3,3,3,4,3,3,4,3,2,3,3,4,3,3,4,4,4.4,3.6,3.66666666666667,3.88888888888889,3.875,4,3.25,3.4,3.33333333333333,3,3,3.5,3.27272727272727,3.24722222222222
1,2,4,5,5,4,4,2,2,4,3,3,4,4,3,3,4,4,4,4,4,5,4,4,3,4,4,4,3,3,3,4,3,4,4,3,3,3,4,3,3,4,3,2,3,3,4,3,3,4,4,4.4,3.6,3.66666666666667,3.88888888888889,3.875,4,3.25,3.4,3.33333333333333,3,3,3.5,3.27272727272727,3.24722222222222
1,5,2,4,5,5,3,2,5,5,3,3,5,3,3,5,5,5,4,5,5,4,4,5,3,3,5,5,3,3,4,3,3,4,2,3,1,4,3,2,4,3,2,2,4,4,3,4,5,4,1,3.8,3.8,4.5,4.03333333333333,4.0625,4.25,3.25,2.6,3,2.75,4,3.5,3.09090909090909,3.18333333333333
1,5,2,4,5,5,3,2,5,5,3,3,5,3,3,5,5,5,4,5,5,4,4,5,3,3,5,5,3,3,4,3,3,4,2,3,1,4,3,2,4,3,2,2,4,4,3,4,5,4,1,3.8,3.8,4.5,4.03333333333333,4.0625,4.25,3.25,2.6,3,2.75,4,3.5,3.09090909090909,3.18333333333333
1,3,4,5,5,5,5,3,4,1,2,4,4,1,1,2,4,2,4,1,3,5,3,3,3,3,5,5,4,4,1,1,5,5,3,5,3,2,2,2,1,5,1,1,2,4,3,4,3,4,4,4.8,2.4,2.33333333333333,3.17777777777778,3.125,3.75,2.5,4.2,2,2,3,3.75,3,2.90833333333333
1,4,4,5,5,5,5,3,4,1,2,4,4,1,1,2,4,2,4,1,3,5,3,3,3,3,5,5,4,4,1,1,5,5,3,5,3,2,2,2,1,5,1,1,2,4,3,4,3,4,4,4.8,2.4,2.33333333333333,3.17777777777778,3.125,3.75,2.5,4.2,2,2,3,3.75,3,2.90833333333333
1,5,4,5,5,5,4,3,2,4,3,3,4,3,5,3,4,3,4,3,3,4,4,3,3,4,4,3,3,1,1,1,1,1,1,1,1,1,3,1,3,3,1,1,3,3,1,3,3,3,3,4.6,3.4,3.66666666666667,3.88888888888889,3.875,3.5,1.5,1,1.66666666666667,2,3,3,1.90909090909091,2.02777777777778
1,5,4,5,5,5,4,3,2,4,3,3,4,3,5,3,4,3,4,3,3,4,4,3,3,4,4,3,3,1,1,1,1,1,1,1,1,1,3,1,3,3,1,1,3,3,1,3,3,3,3,4.6,3.4,3.66666666666667,3.88888888888889,3.875,3.5,1.5,1,1.66666666666667,2,3,3,1.90909090909091,2.02777777777778
2,5,4,5,5,5,4,3,2,4,3,3,4,3,5,3,4,3,4,3,3,4,4,3,3,4,4,3,3,1,1,1,1,1,1,1,1,1,3,1,3,3,1,1,3,3,1,3,3,3,2,4.6,3.4,3.66666666666667,3.88888888888889,3.875,3.5,1.5,1,1.66666666666667,2,3,2.75,1.86363636363636,1.98611111111111
2,6,5,5,5,5,5,1,3,5,5,4,5,3,4,1,5,4,4,5,2,5,5,4,1,4,5,5,3,4,1,4,4,4,5,5,4,4,5,4,2,5,3,5,5,5,5,4,4,5,4,5,4.4,3.83333333333333,4.41111111111111,4.375,3.875,3,4.4,4.33333333333333,3.75,5,4.25,4.04545454545455,4.12222222222222
2,6,5,5,5,5,5,1,3,5,5,4,5,3,4,1,5,4,4,5,2,5,5,4,1,4,5,5,3,4,1,4,4,4,5,5,4,4,5,4,2,5,3,5,5,5,5,4,4,5,4,5,4.4,3.83333333333333,4.41111111111111,4.375,3.875,3,4.4,4.33333333333333,3.75,5,4.25,4.04545454545455,4.12222222222222
2,3,5,3,5,5,5,2,1,1,5,3,3,4,4,5,3,3,3,4,4,4,3,3,3,4,4,4,3,2,2,2,2,2,1,1,1,1,1,1,1,1,1,1,2,5,4,4,3,3,4,4.6,3.2,3.66666666666667,3.82222222222222,3.8125,3.625,2.25,1.4,1,1,3.5,3.5,2,2.10833333333333
2,3,5,3,5,5,5,2,1,1,5,3,3,4,4,3,5,3,3,3,4,4,3,3,3,4,4,4,3,2,2,2,2,2,1,1,1,1,1,1,1,1,1,1,2,5,4,4,3,3,4,4.6,3.2,3.5,3.76666666666667,3.75,3.625,2.25,1.4,1,1,3.5,3.5,2,2.10833333333333
2,3,5,3,5,5,5,2,1,1,5,2,2,4,4,3,5,3,3,3,4,4,3,3,3,4,4,4,3,2,2,2,2,2,1,1,1,1,1,1,1,1,1,1,2,5,4,4,3,3,4,4.6,2.8,3.5,3.63333333333333,3.625,3.625,2.25,1.4,1,1,3.5,3.5,2,2.10833333333333
2,3,3,5,5,5,5,1,1,3,3,3,3,1,3,4,5,5,3,3,3,5,5,5,5,5,5,5,3,3,3,3,3,3,3,3,3,3,3,3,3,3,3,3,3,4,4,3,3,4,3,4.6,2.6,3.83333333333333,3.67777777777778,3.6875,4.75,3,3,3,3,3.5,3.25,3.09090909090909,3.125
2,3,3,5,5,5,5,1,1,4,3,3,1,3,4,5,5,3,3,3,3,4,5,5,5,5,5,5,3,3,3,3,3,3,3,3,3,3,3,3,3,3,3,4,3,3,4,3,3,4,3,4.6,2.8,3.83333333333333,3.74444444444444,3.75,4.625,3,3,3,3.25,3,3.25,3.09090909090909,3.08333333333333
2,5,5,5,5,5,5,1,1,4,4,3,3,5,4,3,3,3,4,4,3,4,5,5,5,5,5,5,5,4,3,4,4,4,3,4,3,2,3,3,4,4,4,4,4,4,4,4,3,4,4,5,3.8,3.5,4.1,4.0625,4.625,4,3.6,2.66666666666667,4,4,3.75,3.68181818181818,3.66944444444444
1,5,5,5,5,5,5,2,1,5,4,3,3,4,4,3,4,4,5,5,4,4,3,4,3,5,4,5,5,5,5,5,5,5,5,5,5,5,5,5,5,5,5,5,5,5,5,5,5,5,4,5,3.8,4.16666666666667,4.32222222222222,4.3125,4,5,5,5,5,5,4.75,4.95454545454545,4.95833333333333
1,4,5,5,5,5,5,1,1,5,4,3,3,4,4,4,4,5,4,5,5,5,5,5,3,5,5,5,5,5,5,5,5,5,5,5,5,5,5,5,5,4,5,5,5,3,4,4,4,4,4,5,3.8,4.33333333333333,4.37777777777778,4.375,4.75,5,5,5,4.75,4,4,4.68181818181818,4.625
1,4,5,4,5,5,5,2,1,5,4,3,4,2,2,1,3,2,2,3,2,2,2,2,5,4,3,3,3,4,2,2,2,2,2,3,3,4,3,3,3,4,4,4,4,5,5,5,5,4,4,4.8,3.6,2.16666666666667,3.52222222222222,3.4375,2.875,2.75,2.4,3.33333333333333,3.75,4.5,4.5,3.40909090909091,3.53888888888889
1,4,5,4,5,5,5,2,1,5,4,3,4,2,2,1,3,2,2,3,2,2,2,2,5,4,3,3,3,4,2,2,2,2,2,3,3,4,3,3,3,4,4,4,4,5,5,5,5,4,4,4.8,3.6,2.16666666666667,3.52222222222222,3.4375,2.875,2.75,2.4,3.33333333333333,3.75,4.5,4.5,3.40909090909091,3.53888888888889
1,4,5,4,5,5,5,2,1,5,4,3,4,2,2,1,3,2,2,3,2,2,2,2,5,4,3,3,3,4,2,2,2,2,2,3,3,4,3,3,3,4,4,4,4,5,5,5,5,4,4,4.8,3.6,2.16666666666667,3.52222222222222,3.4375,2.875,2.75,2.4,3.33333333333333,3.75,4.5,4.5,3.40909090909091,3.53888888888889
1,4,5,4,5,5,5,2,1,5,4,3,4,2,2,1,3,2,2,3,2,2,2,2,5,4,3,3,3,4,2,2,2,2,2,3,3,4,3,3,3,4,4,4,4,5,5,5,5,4,4,4.8,3.6,2.16666666666667,3.52222222222222,3.4375,2.875,2.75,2.4,3.33333333333333,3.75,4.5,4.5,3.40909090909091,3.53888888888889
1,5,4,1,4,2,4,1,5,4,2,4,4,3,3,3,5,4,5,4,4,5,4,4,3,4,5,5,4,3,1,2,4,4,3,4,3,1,2,2,3,4,4,4,5,4,3,3,4,3,4,3,3.4,4,3.46666666666667,3.5,4.25,2.5,3.6,1.66666666666667,3.75,4.5,3.5,3.22727272727273,3.25277777777778
1,5,4,1,4,2,4,1,5,4,2,4,4,3,3,3,5,4,5,4,4,5,5,4,3,4,5,5,4,3,1,2,4,4,3,4,3,1,2,2,3,4,4,4,5,4,3,3,3,3,4,3,3.4,4,3.46666666666667,3.5,4.375,2.5,3.6,1.66666666666667,3.75,4.5,3.25,3.18181818181818,3.21111111111111
1,5,4,1,4,2,4,1,5,4,2,4,4,3,3,3,5,4,5,4,4,5,4,4,3,4,5,5,4,3,1,2,4,4,3,4,3,1,2,2,3,4,4,4,5,4,3,3,4,3,4,3,3.4,4,3.46666666666667,3.5,4.25,2.5,3.6,1.66666666666667,3.75,4.5,3.5,3.22727272727273,3.25277777777778
1,6,4,4,2,5,3,2,3,4,3,4,4,3,4,4,4,4,4,4,3,4,3,3,4,4,4,3,2,2,1,1,1,1,2,1,1,2,2,2,2,4,2,3,3,4,3,4,4,3,4,3.6,3.6,4,3.73333333333333,3.75,3.5,1.5,1.2,2,2.75,3.5,3.75,2.31818181818182,2.45
1,6,4,4,2,5,3,2,3,4,3,4,4,3,4,4,4,4,4,4,3,4,3,3,4,4,4,3,2,2,1,1,1,1,2,1,1,2,2,2,2,4,2,3,3,4,3,4,4,3,4,3.6,3.6,4,3.73333333333333,3.75,3.5,1.5,1.2,2,2.75,3.5,3.75,2.31818181818182,2.45
1,6,4,4,2,5,3,2,3,4,3,4,4,3,4,4,4,4,4,4,3,4,3,3,4,4,4,3,2,2,1,1,1,1,2,1,1,2,2,2,2,4,2,3,3,4,3,4,4,3,4,3.6,3.6,4,3.73333333333333,3.75,3.5,1.5,1.2,2,2.75,3.5,3.75,2.31818181818182,2.45
1,6,4,4,2,5,3,2,3,4,3,4,4,3,4,4,4,4,4,4,3,4,3,3,4,4,4,3,2,2,1,1,1,1,2,1,1,2,2,2,2,4,3,3,4,3,3,4,4,3,4,3.6,3.6,4,3.73333333333333,3.75,3.5,1.5,1.2,2,3,3.5,3.75,2.36363636363636,2.49166666666667
2,3,5,4,5,5,5,2,1,5,4,5,5,4,4,4,5,5,4,5,3,3,2,3,3,4,5,4,2,3,2,2,1,3,2,3,4,4,3,4,2,4,4,2,4,5,4,5,4,4,2,4.8,4.6,4.5,4.63333333333333,4.625,3.375,2.25,2.6,3.66666666666667,3,4.5,3.75,3.13636363636364,3.29444444444444
2,3,5,4,5,5,5,2,1,5,4,5,5,4,4,4,5,5,4,5,3,3,2,3,3,4,5,4,2,3,2,2,1,3,2,3,4,4,3,4,2,4,4,2,4,5,5,5,4,4,2,4.8,4.6,4.5,4.63333333333333,4.625,3.375,2.25,2.6,3.66666666666667,3,4.5,3.75,3.13636363636364,3.29444444444444
2,3,5,4,5,5,5,2,1,5,4,5,5,4,4,4,5,5,4,5,3,3,2,3,3,4,5,4,2,3,2,2,1,3,2,3,4,4,3,4,2,4,4,2,4,5,4,5,4,4,2,4.8,4.6,4.5,4.63333333333333,4.625,3.375,2.25,2.6,3.66666666666667,3,4.5,3.75,3.13636363636364,3.29444444444444
2,3,5,4,5,5,5,2,1,5,3,5,5,4,4,4,5,5,4,5,3,3,2,3,3,4,5,4,2,3,2,2,1,3,2,3,4,4,3,4,2,4,4,2,4,5,4,5,4,4,4,4.8,4.4,4.5,4.56666666666667,4.5625,3.375,2.25,2.6,3.66666666666667,3,4.5,4.25,3.22727272727273,3.37777777777778
1,4,5,4,1,3,4,3,2,2,1,3,3,3,2,2,1,3,3,3,4,2,2,4,3,2,2,3,4,2,2,3,3,2,2,3,3,3,2,4,4,2,2,3,4,1,3,3,2,2,3,3.4,2.4,2.33333333333333,2.71111111111111,2.6875,2.75,2.75,2.6,3,2.75,2.5,2.5,2.68181818181818,2.68333333333333
2,4,5,4,1,3,4,3,2,2,1,1,3,3,2,2,1,3,3,3,4,2,2,4,3,2,2,3,4,2,2,3,3,2,2,3,3,3,2,4,4,2,2,3,4,1,3,3,2,2,3,3.4,2,2.33333333333333,2.57777777777778,2.5625,2.75,2.75,2.6,3,2.75,2.5,2.5,2.68181818181818,2.68333333333333
2,4,5,4,1,3,4,3,2,2,1,1,3,3,2,2,1,3,3,3,4,2,2,4,3,2,2,3,4,2,2,3,3,2,2,3,3,3,2,4,4,2,2,3,4,1,3,3,2,2,3,3.4,2,2.33333333333333,2.57777777777778,2.5625,2.75,2.75,2.6,3,2.75,2.5,2.5,2.68181818181818,2.68333333333333
2,4,5,4,1,3,4,3,2,2,1,1,3,3,2,2,1,3,3,3,4,2,2,4,3,2,2,3,4,2,2,3,3,2,2,3,3,3,2,4,4,2,2,3,4,1,3,3,2,2,3,3.4,2,2.33333333333333,2.57777777777778,2.5625,2.75,2.75,2.6,3,2.75,2.5,2.5,2.68181818181818,2.68333333333333
2,3,4,5,5,5,5,2,2,4,3,4,4,3,3,4,4,4,5,4,3,4,4,4,2,5,5,5,2,1,2,2,2,2,3,4,4,4,3,4,4,4,3,4,4,4,2,3,4,4,4,4.8,3.6,4,4.13333333333333,4.125,4,1.75,3,3.66666666666667,3.75,4,3.75,3.22727272727273,3.31944444444444
2,3,4,5,5,5,5,2,2,4,3,4,4,3,3,4,4,4,5,4,3,4,4,4,2,5,5,5,2,1,2,2,2,2,3,4,4,4,3,4,4,4,3,4,4,4,2,3,4,4,4,4.8,3.6,4,4.13333333333333,4.125,4,1.75,3,3.66666666666667,3.75,4,3.75,3.22727272727273,3.31944444444444
2,3,4,5,5,5,5,2,2,4,3,4,4,3,3,4,4,4,5,4,3,4,4,4,2,4,4,4,2,1,2,2,2,2,2,3,4,4,3,4,4,4,3,4,4,4,2,3,4,4,4,4.8,3.6,4,4.13333333333333,4.125,3.625,1.75,2.6,3.66666666666667,3.75,4,3.75,3.13636363636364,3.25277777777778
2,3,4,5,5,5,5,2,2,4,3,4,4,3,3,4,4,4,5,4,3,4,4,4,2,5,5,5,2,1,2,2,2,2,3,4,4,4,3,4,4,4,3,4,4,4,2,3,4,4,4,4.8,3.6,4,4.13333333333333,4.125,4,1.75,3,3.66666666666667,3.75,4,3.75,3.22727272727273,3.31944444444444
2,2,4,4,5,5,4,2,2,5,2,4,5,4,4,4,4,5,4,5,4,5,4,4,3,4,5,4,2,2,1,1,1,1,2,2,3,2,3,2,1,3,3,2,3,3,3,4,4,3,3,4.4,4,4.33333333333333,4.24444444444444,4.25,4.125,1.5,1.8,2.33333333333333,2.25,3,3.5,2.31818181818182,2.39722222222222
2,2,4,4,5,5,4,2,2,5,2,4,5,4,4,4,4,5,4,5,4,5,4,4,3,4,5,4,2,2,1,1,1,1,2,2,3,3,3,2,1,3,3,2,3,3,3,4,4,3,3,4.4,4,4.33333333333333,4.24444444444444,4.25,4.125,1.5,1.8,2.66666666666667,2.25,3,3.5,2.36363636363636,2.45277777777778
2,2,4,4,5,5,4,2,2,5,2,4,5,4,4,4,4,5,4,5,4,5,4,4,3,4,5,4,2,2,1,1,1,1,2,2,3,2,3,2,1,3,3,2,3,3,3,4,4,4,4,4.4,4,4.33333333333333,4.24444444444444,4.25,4.125,1.5,1.8,2.33333333333333,2.25,3,4,2.40909090909091,2.48055555555556
2,2,4,4,5,5,4,2,2,5,2,4,5,4,4,4,4,5,4,5,4,5,4,4,3,4,5,4,2,2,1,1,1,1,2,2,2,2,3,2,1,3,3,1,3,3,3,4,4,3,3,4.4,4,4.33333333333333,4.24444444444444,4.25,4.125,1.5,1.6,2.33333333333333,2,3,3.5,2.22727272727273,2.32222222222222
1,4,5,4,1,4,4,2,2,5,3,2,5,4,4,5,5,4,4,4,3,5,4,3,3,4,5,4,3,2,1,1,1,2,5,3,4,4,3,3,3,3,2,2,3,2,4,3,3,3,3,3.6,3.8,4.33333333333333,3.91111111111111,3.9375,3.875,1.75,3,3.33333333333333,2.5,2.5,3,2.68181818181818,2.68055555555556
1,4,5,4,1,4,4,2,2,5,3,2,5,4,4,5,5,4,4,4,3,5,4,3,3,4,5,4,3,2,1,1,1,2,5,3,4,4,3,3,3,3,2,2,3,2,4,3,3,3,3,3.6,3.8,4.33333333333333,3.91111111111111,3.9375,3.875,1.75,3,3.33333333333333,2.5,2.5,3,2.68181818181818,2.68055555555556
1,4,5,4,1,4,4,2,2,5,3,2,5,4,4,5,5,4,4,4,3,5,4,3,3,4,5,4,3,2,1,1,1,2,5,3,4,4,3,3,3,3,2,2,3,2,4,3,3,3,3,3.6,3.8,4.33333333333333,3.91111111111111,3.9375,3.875,1.75,3,3.33333333333333,2.5,2.5,3,2.68181818181818,2.68055555555556
1,4,5,4,1,4,4,2,2,5,3,2,5,4,4,5,5,4,4,4,3,5,4,3,3,4,5,4,3,2,1,1,1,2,5,3,4,4,3,3,3,3,2,2,3,2,4,3,3,3,3,3.6,3.8,4.33333333333333,3.91111111111111,3.9375,3.875,1.75,3,3.33333333333333,2.5,2.5,3,2.68181818181818,2.68055555555556
2,4,5,5,5,5,5,1,2,5,3,5,5,5,5,5,5,5,5,5,3,5,5,5,4,5,5,5,5,3,3,4,4,2,3,3,2,3,3,2,3,3,2,3,4,4,2,4,4,3,4,5,4.6,5,4.86666666666667,4.875,4.625,3.75,2.8,2.66666666666667,2.75,4,3.75,3.22727272727273,3.28611111111111
2,4,5,5,5,5,5,1,2,5,3,5,5,5,5,5,5,5,5,5,3,5,5,5,4,5,5,5,5,3,3,4,4,2,3,3,2,3,3,2,2,2,2,3,4,4,2,4,4,3,4,5,4.6,5,4.86666666666667,4.875,4.625,3.75,2.8,2.66666666666667,2.25,4,3.75,3.13636363636364,3.20277777777778
2,4,5,5,5,5,5,1,2,5,3,5,5,5,5,5,5,5,5,5,3,5,5,5,4,5,5,5,5,3,3,4,4,2,3,3,2,3,3,2,3,3,2,3,4,4,2,4,4,3,4,5,4.6,5,4.86666666666667,4.875,4.625,3.75,2.8,2.66666666666667,2.75,4,3.75,3.22727272727273,3.28611111111111
2,4,5,5,5,5,5,1,2,5,3,5,5,5,5,5,5,5,5,5,3,5,5,5,4,5,5,5,5,3,3,4,4,2,3,3,2,3,3,2,3,3,2,3,4,4,2,4,4,3,4,5,4.6,5,4.86666666666667,4.875,4.625,3.75,2.8,2.66666666666667,2.75,4,3.75,3.22727272727273,3.28611111111111
1,4,4,4,4,4,4,1,5,4,3,4,4,4,4,4,4,4,5,4,4,5,4,4,5,4,5,4,4,3,3,3,3,3,3,3,2,2,2,2,2,2,2,2,2,3,2,2,2,2,3,4,3.8,4.16666666666667,3.98888888888889,4,4.375,3.25,2.8,2,2,2.5,2.25,2.5,2.46666666666667
1,4,4,4,4,4,4,1,5,4,3,4,4,4,4,4,4,4,5,4,4,5,4,4,5,4,5,4,4,3,3,3,3,3,3,3,2,2,2,2,2,2,2,2,2,3,2,2,2,2,3,4,3.8,4.16666666666667,3.98888888888889,4,4.375,3.25,2.8,2,2,2.5,2.25,2.5,2.46666666666667
1,4,4,4,4,4,4,1,5,4,3,4,4,4,4,4,4,4,5,4,4,5,4,4,5,4,5,4,4,3,3,3,3,3,3,3,2,2,2,2,2,2,2,2,2,3,2,2,2,2,3,4,3.8,4.16666666666667,3.98888888888889,4,4.375,3.25,2.8,2,2,2.5,2.25,2.5,2.46666666666667
1,4,4,4,4,4,4,1,5,4,3,4,4,4,4,4,4,4,5,4,4,5,4,4,5,4,5,4,4,3,3,3,3,3,3,3,2,2,2,2,2,2,2,2,2,3,2,2,2,2,3,4,3.8,4.16666666666667,3.98888888888889,4,4.375,3.25,2.8,2,2,2.5,2.25,2.5,2.46666666666667
1,4,4,4,4,4,4,1,5,4,3,4,4,4,4,4,4,4,5,4,4,5,4,4,5,4,5,4,4,3,3,3,3,3,3,3,2,2,2,2,2,2,2,2,2,3,2,2,2,2,3,4,3.8,4.16666666666667,3.98888888888889,4,4.375,3.25,2.8,2,2,2.5,2.25,2.5,2.46666666666667
2,4,2,5,5,5,5,1,3,5,3,4,4,4,4,4,4,4,4,4,4,5,5,5,4,5,5,5,2,1,3,3,1,1,4,2,4,4,3,2,2,4,2,3,4,4,2,2,3,4,4,4.4,4,4,4.13333333333333,4.125,4.75,2.25,2.4,3,2.75,4,3.25,2.81818181818182,2.94166666666667
2,4,2,5,5,5,5,1,3,5,3,4,4,4,4,4,4,4,4,4,4,5,5,5,4,5,5,5,2,1,3,3,1,1,4,2,4,4,3,2,1,4,2,3,4,4,2,2,3,4,4,4.4,4,4,4.13333333333333,4.125,4.75,2.25,2.4,3,2.5,4,3.25,2.77272727272727,2.9
2,3,2,5,5,5,5,1,1,3,5,3,4,4,4,4,4,4,4,4,4,5,5,5,4,5,5,5,2,1,3,3,1,1,4,2,4,4,3,2,1,4,2,3,4,4,2,2,3,4,4,4.4,3.8,4,4.06666666666667,4.0625,4.75,2.25,2.4,3,2.5,4,3.25,2.77272727272727,2.9
2,3,2,5,5,5,5,1,3,5,3,4,4,4,4,4,4,4,4,4,4,5,5,4,5,5,5,5,2,1,3,3,1,1,4,2,4,4,3,2,1,4,2,3,4,4,2,2,3,4,4,4.4,4,4,4.13333333333333,4.125,4.75,2.25,2.4,3,2.5,4,3.25,2.77272727272727,2.9
2,4,2,4,4,4,4,1,3,5,3,4,4,4,4,4,4,4,4,4,4,5,5,5,4,5,5,5,2,1,3,3,1,1,4,2,4,4,3,2,1,4,2,3,4,4,2,2,3,4,4,3.6,4,4,3.86666666666667,3.875,4.75,2.25,2.4,3,2.5,4,3.25,2.77272727272727,2.9
2,5,4,5,4,5,5,1,2,5,3,5,5,3,3,5,5,5,5,5,4,5,5,5,5,3,4,4,1,2,1,3,1,1,1,1,2,2,2,2,1,1,1,2,2,4,4,3,4,4,3,4.6,4.2,4.66666666666667,4.48888888888889,4.5,4.375,1.75,1.2,2,1.25,3,3.5,2,2.11666666666667
2,5,4,5,4,5,5,1,2,5,3,5,5,3,3,5,5,5,5,5,4,5,5,5,5,3,4,4,1,2,1,3,1,1,1,1,2,2,2,2,1,1,1,2,2,4,4,3,2,4,3,4.6,4.2,4.66666666666667,4.48888888888889,4.5,4.375,1.75,1.2,2,1.25,3,3,1.90909090909091,2.03333333333333
2,5,4,5,4,5,5,1,2,5,3,5,5,3,3,5,5,5,5,5,4,5,5,5,5,3,4,4,1,2,1,3,1,1,1,1,2,2,2,2,1,1,1,2,2,2,4,3,3,4,3,4.6,4.2,4.66666666666667,4.48888888888889,4.5,4.375,1.75,1.2,2,1.25,2,3.25,1.86363636363636,1.90833333333333
2,5,4,5,4,5,5,1,2,5,3,5,5,3,3,5,5,5,5,5,4,5,5,5,5,3,4,4,1,2,1,3,1,1,1,1,2,2,2,2,1,1,1,2,2,2,4,3,4,4,3,4.6,4.2,4.66666666666667,4.48888888888889,4.5,4.375,1.75,1.2,2,1.25,2,3.5,1.90909090909091,1.95
2,5,4,5,4,5,5,1,2,5,3,5,5,3,3,5,5,5,5,5,4,5,5,5,5,3,4,4,1,2,1,3,1,1,1,1,2,2,2,2,1,1,1,2,2,4,3,3,3,4,3,4.6,4.2,4.66666666666667,4.48888888888889,4.5,4.375,1.75,1.2,2,1.25,3,3.25,1.95454545454545,2.075
1,6,4,5,3,5,5,2,4,5,3,4,5,5,4,5,5,5,5,5,4,5,5,5,4,5,5,5,4,3,3,4,3,3,3,2,2,3,3,2,2,3,2,3,2,4,3,3,2,3,4,4.4,4.4,4.83333333333333,4.54444444444444,4.5625,4.75,3.5,2.6,2.66666666666667,2.5,3,3,2.86363636363636,2.87777777777778
1,6,4,5,3,5,5,1,4,5,3,4,5,5,4,5,5,5,5,5,4,5,5,5,4,5,5,5,4,3,3,4,3,3,3,2,2,3,3,2,2,3,2,3,2,4,3,3,2,3,4,4.4,4.4,4.83333333333333,4.54444444444444,4.5625,4.75,3.5,2.6,2.66666666666667,2.5,3,3,2.86363636363636,2.87777777777778
1,6,4,5,3,5,5,2,4,5,3,4,5,5,4,5,5,5,5,5,4,5,5,5,4,5,5,5,4,3,3,4,3,3,3,2,2,3,3,2,2,3,2,3,2,4,3,3,2,3,4,4.4,4.4,4.83333333333333,4.54444444444444,4.5625,4.75,3.5,2.6,2.66666666666667,2.5,3,3,2.86363636363636,2.87777777777778
1,6,4,5,3,5,5,2,4,5,3,4,5,5,4,5,5,5,5,5,4,5,5,5,4,5,5,5,4,3,3,4,3,3,3,2,2,3,3,2,2,3,2,3,2,4,3,3,2,3,4,4.4,4.4,4.83333333333333,4.54444444444444,4.5625,4.75,3.5,2.6,2.66666666666667,2.5,3,3,2.86363636363636,2.87777777777778
1,6,4,5,3,5,5,2,4,5,3,4,5,5,4,5,5,5,5,5,4,5,5,5,4,5,5,5,4,3,3,4,3,3,3,2,2,3,3,2,2,3,2,3,2,4,3,3,2,3,4,4.4,4.4,4.83333333333333,4.54444444444444,4.5625,4.75,3.5,2.6,2.66666666666667,2.5,3,3,2.86363636363636,2.87777777777778
1,6,3,1,5,5,4,2,4,4,4,2,4,4,4,4,4,5,4,4,5,4,3,4,3,4,4,3,4,2,1,2,1,2,1,4,1,2,4,4,4,4,4,4,4,4,2,2,2,2,2,3.6,3.6,4.16666666666667,3.78888888888889,3.8125,3.75,2.25,1.8,3.33333333333333,4,4,2,2.72727272727273,2.89722222222222
1,6,3,1,5,5,4,2,4,4,4,2,4,4,4,4,4,5,4,4,5,4,3,4,3,4,4,3,4,2,1,2,1,2,1,4,1,2,4,4,4,4,4,4,4,4,2,2,2,2,2,3.6,3.6,4.16666666666667,3.78888888888889,3.8125,3.75,2.25,1.8,3.33333333333333,4,4,2,2.72727272727273,2.89722222222222
1,6,3,1,5,5,4,2,4,4,4,2,4,4,4,4,4,5,4,4,5,4,3,4,3,4,4,3,4,2,1,2,1,2,1,4,1,2,4,4,4,4,4,4,4,4,2,2,2,2,2,3.6,3.6,4.16666666666667,3.78888888888889,3.8125,3.75,2.25,1.8,3.33333333333333,4,4,2,2.72727272727273,2.89722222222222
1,6,3,1,5,5,4,3,4,4,4,2,4,4,4,4,4,5,4,4,5,4,3,4,4,4,4,4,3,2,1,2,1,2,1,4,1,2,4,4,4,4,4,4,4,4,2,2,2,2,2,3.6,3.6,4.16666666666667,3.78888888888889,3.8125,4,2,1.8,3.33333333333333,4,4,2,2.68181818181818,2.85555555555556
1,6,3,1,5,5,4,2,4,4,4,2,4,4,4,4,4,5,4,4,5,4,3,4,3,4,4,3,4,2,1,2,1,2,1,4,1,2,4,4,4,4,4,4,4,4,2,2,2,2,2,3.6,3.6,4.16666666666667,3.78888888888889,3.8125,3.75,2.25,1.8,3.33333333333333,4,4,2,2.72727272727273,2.89722222222222
1,4,5,5,5,5,5,2,1,5,5,5,5,5,3,4,5,5,5,4,3,5,5,4,3,5,5,5,5,5,3,5,5,5,5,5,5,5,5,5,5,5,5,5,5,5,5,5,5,5,5,5,5,4.33333333333333,4.77777777777778,4.75,4.375,4.5,5,5,5,5,5,4.90909090909091,4.91666666666667
1,5,4,3,3,4,4,1,2,4,1,3,3,3,3,4,4,3,3,4,3,4,4,3,3,4,4,4,3,2,2,4,2,2,3,3,2,3,2,2,2,3,2,3,2,3,2,2,4,3,4,3.6,2.8,3.5,3.3,3.3125,3.625,2.75,2.4,2.33333333333333,2.5,2.5,3.25,2.63636363636364,2.62222222222222
1,5,4,2,2,4,4,3,2,4,1,3,3,3,3,4,4,3,4,4,3,4,4,3,3,5,4,4,3,2,2,4,2,2,3,3,2,3,2,2,2,3,2,3,2,3,2,2,4,3,4,3.2,2.8,3.66666666666667,3.22222222222222,3.25,3.75,2.75,2.4,2.33333333333333,2.5,2.5,3.25,2.63636363636364,2.62222222222222
1,5,4,3,3,4,4,1,2,4,1,3,3,3,3,4,4,3,4,4,3,4,4,3,3,4,4,4,3,2,2,4,2,2,3,3,2,3,2,2,2,3,2,3,2,3,2,2,4,3,4,3.6,2.8,3.66666666666667,3.35555555555556,3.375,3.625,2.75,2.4,2.33333333333333,2.5,2.5,3.25,2.63636363636364,2.62222222222222
1,5,4,3,3,4,4,1,2,4,1,3,3,3,3,4,4,3,4,4,3,4,4,3,3,4,4,4,3,2,2,4,2,2,3,3,2,3,2,2,2,3,2,3,2,3,2,2,4,3,4,3.6,2.8,3.66666666666667,3.35555555555556,3.375,3.625,2.75,2.4,2.33333333333333,2.5,2.5,3.25,2.63636363636364,2.62222222222222
1,5,4,3,3,3,4,1,2,4,1,3,3,3,3,4,4,3,4,4,3,4,4,3,3,4,4,4,3,2,2,4,2,2,3,3,2,3,2,2,2,3,2,3,2,3,2,2,4,3,4,3.4,2.8,3.66666666666667,3.28888888888889,3.3125,3.625,2.75,2.4,2.33333333333333,2.5,2.5,3.25,2.63636363636364,2.62222222222222
2,6,2,5,4,5,4,1,1,5,3,3,4,3,1,4,4,3,5,3,4,5,5,5,4,4,5,2,2,1,1,2,1,2,3,1,4,2,2,2,2,4,5,3,5,4,3,4,4,3,4,4,3.6,3.33333333333333,3.64444444444444,3.625,4.25,1.5,2.2,2,3.5,4.5,3.75,2.77272727272727,2.90833333333333
2,6,2,5,4,5,4,1,1,5,3,3,4,3,1,4,4,3,5,3,4,5,5,5,4,4,5,2,2,1,1,2,1,2,3,1,4,2,2,2,2,4,5,3,5,4,3,4,4,3,4,4,3.6,3.33333333333333,3.64444444444444,3.625,4.25,1.5,2.2,2,3.5,4.5,3.75,2.77272727272727,2.90833333333333
2,6,2,5,4,5,4,1,1,5,3,3,4,3,1,4,4,3,5,3,4,5,5,5,4,4,5,2,2,1,1,2,1,2,3,1,4,2,2,2,2,4,5,3,5,4,3,4,4,3,4,4,3.6,3.33333333333333,3.64444444444444,3.625,4.25,1.5,2.2,2,3.5,4.5,3.75,2.77272727272727,2.90833333333333
2,6,2,5,4,5,4,1,1,5,3,3,4,3,1,4,4,3,5,3,4,5,5,5,4,4,5,2,2,1,1,2,1,2,3,1,4,2,2,2,2,4,5,3,5,4,3,4,4,3,4,4,3.6,3.33333333333333,3.64444444444444,3.625,4.25,1.5,2.2,2,3.5,4.5,3.75,2.77272727272727,2.90833333333333
2,6,2,5,4,5,4,1,1,5,3,3,4,3,1,4,4,3,5,3,4,5,5,5,4,4,5,2,2,1,1,2,1,2,3,1,4,2,2,2,2,4,5,3,5,4,3,4,4,3,4,4,3.6,3.33333333333333,3.64444444444444,3.625,4.25,1.5,2.2,2,3.5,4.5,3.75,2.77272727272727,2.90833333333333
2,5,5,5,5,5,5,1,1,5,3,5,5,4,3,4,3,5,5,5,5,5,5,5,5,5,5,5,5,3,5,4,3,3,3,3,5,5,5,5,3,5,5,5,5,5,5,5,5,4,5,5,4.4,4.16666666666667,4.52222222222222,4.5,5,4.25,3.4,5,4.5,5,4.75,4.36363636363636,4.48333333333333
2,5,5,5,5,5,5,1,1,5,3,5,5,4,3,4,5,5,5,5,5,5,5,5,5,5,5,5,5,3,5,4,3,3,3,3,3,5,5,5,3,5,5,5,5,5,5,5,5,4,5,5,4.4,4.5,4.63333333333333,4.625,5,4.25,3,5,4.5,5,4.75,4.27272727272727,4.41666666666667
2,5,5,5,5,5,5,1,1,5,3,5,5,4,4,3,4,5,5,5,5,5,5,5,5,5,5,5,5,3,5,4,3,3,3,3,5,5,5,5,5,5,5,5,5,5,5,5,5,4,5,5,4.4,4.33333333333333,4.57777777777778,4.5625,5,4.25,3.4,5,5,5,4.75,4.45454545454545,4.56666666666667
2,5,5,5,5,5,5,1,1,5,3,5,5,4,3,4,3,5,5,5,5,5,5,5,5,5,5,5,5,3,5,4,3,3,3,3,5,5,5,5,5,5,5,5,5,5,5,5,5,4,5,5,4.4,4.16666666666667,4.52222222222222,4.5,5,4.25,3.4,5,5,5,4.75,4.45454545454545,4.56666666666667
2,5,5,5,5,5,5,1,1,5,3,5,5,4,3,4,3,5,5,5,5,5,5,5,5,5,5,5,5,3,5,4,3,3,3,3,5,5,5,5,3,5,5,5,5,5,5,5,5,4,5,5,4.4,4.16666666666667,4.52222222222222,4.5,5,4.25,3.4,5,4.5,5,4.75,4.36363636363636,4.48333333333333
2,5,5,5,5,5,5,1,1,5,3,5,5,4,3,4,5,5,5,5,5,5,5,5,5,5,5,5,5,3,5,4,3,3,3,3,3,5,5,5,5,5,5,5,5,5,5,5,5,4,5,5,4.4,4.5,4.63333333333333,4.625,5,4.25,3,5,5,5,4.75,4.36363636363636,4.5
2,6,3,4,3,5,4,4,2,2,2,5,2,1,2,1,4,4,4,2,2,2,4,4,2,4,4,5,5,1,1,1,1,1,1,3,5,1,1,1,1,1,1,1,3,3,3,3,3,3,3,3.8,2.4,2.83333333333333,3.01111111111111,3,3.375,2,2.2,1,1,3,3,2,2.03333333333333
2,6,3,4,3,5,4,4,2,2,2,5,2,1,2,1,4,4,4,2,2,2,4,4,2,4,4,5,5,1,1,1,1,1,1,3,5,1,1,1,1,1,1,1,3,3,3,3,3,3,3,3.8,2.4,2.83333333333333,3.01111111111111,3,3.375,2,2.2,1,1,3,3,2,2.03333333333333
2,6,3,4,3,5,4,4,2,2,2,5,2,1,2,1,4,4,4,2,2,2,4,4,2,4,4,5,5,1,1,1,1,1,1,3,5,1,1,1,1,1,1,1,3,3,3,3,3,3,3,3.8,2.4,2.83333333333333,3.01111111111111,3,3.375,2,2.2,1,1,3,3,2,2.03333333333333
2,6,3,4,3,5,4,4,2,2,2,5,2,1,2,1,4,4,4,2,2,2,4,4,2,4,4,5,5,1,1,1,1,1,1,3,5,1,1,1,1,1,1,1,3,3,3,3,3,3,3,3.8,2.4,2.83333333333333,3.01111111111111,3,3.375,2,2.2,1,1,3,3,2,2.03333333333333
1,5,4,5,5,5,4,1,2,4,3,4,5,3,4,1,5,5,5,3,4,5,5,5,5,4,5,5,4,3,2,2,2,2,2,3,3,2,2,3,4,4,4,4,4,5,5,5,4,5,5,4.6,3.8,3.83333333333333,4.07777777777778,4.0625,4.75,2.75,2.4,2.33333333333333,4,4.5,4.75,3.36363636363636,3.45555555555556
1,5,4,5,5,5,4,1,2,4,3,4,5,3,4,1,5,5,5,3,4,5,5,5,5,4,5,5,4,3,2,2,2,2,2,2,3,2,2,3,4,4,4,4,4,5,5,5,5,5,5,4.6,3.8,3.83333333333333,4.07777777777778,4.0625,4.75,2.75,2.2,2.33333333333333,4,4.5,5,3.36363636363636,3.46388888888889
1,5,4,5,5,5,4,1,2,4,3,4,5,3,4,1,5,5,5,3,4,5,5,5,5,4,5,5,4,3,2,2,2,2,2,3,3,2,2,3,4,4,4,4,4,4,5,5,5,5,5,4.6,3.8,3.83333333333333,4.07777777777778,4.0625,4.75,2.75,2.4,2.33333333333333,4,4,5,3.36363636363636,3.41388888888889
1,5,4,5,5,5,4,1,2,4,3,4,5,3,4,1,5,5,5,3,4,5,5,5,5,4,5,5,4,3,2,2,2,2,2,3,3,2,2,3,4,4,4,4,4,5,5,5,5,5,5,4.6,3.8,3.83333333333333,4.07777777777778,4.0625,4.75,2.75,2.4,2.33333333333333,4,4.5,5,3.40909090909091,3.49722222222222
1,5,4,5,5,5,4,1,2,4,3,4,5,3,4,1,5,5,5,3,4,5,5,5,5,4,5,5,4,3,2,2,2,2,2,2,3,2,2,3,4,4,4,4,4,5,5,5,5,5,5,4.6,3.8,3.83333333333333,4.07777777777778,4.0625,4.75,2.75,2.2,2.33333333333333,4,4.5,5,3.36363636363636,3.46388888888889
2,4,4,2,4,4,2,2,4,5,1,3,5,3,4,5,5,4,4,3,4,4,2,4,3,2,4,3,3,2,2,2,2,2,2,2,2,2,2,2,2,2,2,2,2,2,2,2,2,3,2,3.2,3.4,4.16666666666667,3.58888888888889,3.625,3.25,2.25,2,2,2,2,2.25,2.09090909090909,2.08333333333333
2,4,4,2,4,4,2,2,4,5,3,3,5,3,4,5,5,4,4,3,4,4,2,4,3,2,4,3,3,2,2,2,2,2,2,2,2,2,2,2,2,2,2,2,2,2,2,2,2,3,2,3.2,3.8,4.16666666666667,3.72222222222222,3.75,3.25,2.25,2,2,2,2,2.25,2.09090909090909,2.08333333333333
1,5,2,2,2,3,4,5,2,1,3,3,2,4,4,4,5,5,3,4,4,4,4,4,1,4,5,4,3,1,1,1,1,1,1,1,1,1,1,1,1,1,1,1,1,1,2,3,2,3,3,2.6,2.6,4.16666666666667,3.12222222222222,3.1875,3.75,1.5,1,1,1,1,2.75,1.40909090909091,1.375
2,3,4,2,1,4,1,1,4,5,3,3,5,3,3,4,4,3,5,3,3,5,5,5,5,5,5,5,5,1,4,3,1,1,1,1,3,3,4,3,3,3,2,2,5,5,3,3,3,4,3,2.4,3.8,3.66666666666667,3.28888888888889,3.3125,4.75,3.25,1.4,3.33333333333333,2.5,5,3.25,2.86363636363636,3.12222222222222
2,3,4,2,1,4,1,1,4,5,3,3,5,3,3,4,4,3,5,3,3,5,5,5,5,5,5,5,5,1,4,3,1,1,1,1,3,3,4,3,3,3,2,2,5,5,3,3,3,4,3,2.4,3.8,3.66666666666667,3.28888888888889,3.3125,4.75,3.25,1.4,3.33333333333333,2.5,5,3.25,2.86363636363636,3.12222222222222
2,1,2,4,4,4,4,2,2,4,1,3,4,2,4,4,4,3,4,2,2,3,4,4,4,4,4,4,2,1,1,1,1,1,1,1,1,1,4,2,1,4,2,1,5,5,1,2,2,1,4,3.6,2.8,3.5,3.3,3.3125,3.625,1.25,1,2.33333333333333,2,5,2.25,2,2.30555555555556
2,1,2,4,4,4,4,2,2,4,1,3,4,2,4,4,4,3,4,2,2,3,4,4,4,4,4,4,2,1,1,1,1,1,1,1,1,1,4,2,1,4,2,1,5,5,1,2,2,1,4,3.6,2.8,3.5,3.3,3.3125,3.625,1.25,1,2.33333333333333,2,5,2.25,2,2.30555555555556
2,1,2,4,4,4,4,2,2,4,1,3,4,2,4,4,4,3,4,2,2,3,4,4,4,4,4,4,2,1,1,1,1,1,1,1,1,1,4,2,1,4,2,1,5,5,1,2,2,1,4,3.6,2.8,3.5,3.3,3.3125,3.625,1.25,1,2.33333333333333,2,5,2.25,2,2.30555555555556
2,2,3,2,3,3,4,2,2,5,4,3,3,3,3,5,4,4,4,3,3,5,4,4,3,4,4,4,2,2,2,3,3,3,3,3,4,3,3,2,2,4,2,4,3,4,3,3,2,4,4,3,3.6,3.83333333333333,3.47777777777778,3.5,3.875,2.25,3.2,2.66666666666667,3,3.5,3.25,2.95454545454545,2.97777777777778
2,2,3,2,3,3,4,2,2,5,4,3,3,3,3,3,5,4,4,3,3,5,4,4,3,4,4,4,2,2,2,3,3,3,3,3,4,3,3,2,2,4,2,4,3,4,3,3,2,4,4,3,3.6,3.66666666666667,3.42222222222222,3.4375,3.875,2.25,3.2,2.66666666666667,3,3.5,3.25,2.95454545454545,2.97777777777778
2,2,3,2,3,3,4,2,2,5,4,3,3,3,3,5,4,4,4,3,3,5,4,4,3,4,4,4,2,2,2,3,3,3,3,3,4,3,3,2,2,4,2,4,3,4,3,3,2,4,4,3,3.6,3.83333333333333,3.47777777777778,3.5,3.875,2.25,3.2,2.66666666666667,3,3.5,3.25,2.95454545454545,2.97777777777778
2,2,3,2,3,3,4,2,2,5,4,3,3,3,3,5,4,4,4,3,3,5,4,4,3,4,4,4,2,2,2,3,3,3,3,3,4,3,3,2,2,4,2,4,3,4,3,3,2,4,4,3,3.6,3.83333333333333,3.47777777777778,3.5,3.875,2.25,3.2,2.66666666666667,3,3.5,3.25,2.95454545454545,2.97777777777778
2,2,3,2,3,3,4,2,2,5,4,3,3,3,3,5,4,4,4,2,3,5,4,4,3,4,4,4,2,2,2,3,3,3,3,3,4,3,3,2,2,4,2,4,3,4,3,3,2,4,4,3,3.6,3.66666666666667,3.42222222222222,3.4375,3.875,2.25,3.2,2.66666666666667,3,3.5,3.25,2.95454545454545,2.97777777777778
2,2,3,2,4,4,4,2,2,5,4,3,3,3,3,5,4,4,4,4,4,5,4,4,3,4,4,4,2,2,2,3,3,3,3,3,4,3,3,2,2,4,2,4,3,4,3,3,2,4,4,3.4,3.6,4,3.66666666666667,3.6875,4,2.25,3.2,2.66666666666667,3,3.5,3.25,2.95454545454545,2.97777777777778
1,5,4,4,5,5,5,2,1,5,4,3,4,5,4,4,4,4,4,4,3,4,4,4,3,5,5,4,4,3,4,3,3,3,4,4,3,4,4,4,3,4,4,4,4,4,4,4,3,3,4,4.6,4.2,4,4.26666666666667,4.25,4,3.5,3.4,4,3.75,4,3.5,3.63636363636364,3.69166666666667
1,6,4,4,5,5,5,1,1,5,5,5,5,5,4,4,4,4,3,4,4,5,4,4,4,5,5,4,4,4,4,3,3,4,3,4,3,3,3,4,3,4,4,4,4,4,4,4,3,4,4,4.6,5,3.83333333333333,4.47777777777778,4.4375,4.375,3.75,3.4,3.33333333333333,3.75,4,3.75,3.63636363636364,3.66388888888889
1,4,5,5,5,5,4,1,1,5,5,5,5,5,5,5,5,5,5,5,4,5,5,5,3,5,5,5,5,3,4,3,5,4,4,4,5,3,4,4,4,4,3,4,4,5,5,5,3,4,4,4.8,5,5,4.93333333333333,4.9375,4.625,3.75,4.4,3.66666666666667,3.75,4.5,4,4,4.01111111111111
1,3,4,4,5,5,5,1,1,5,5,5,5,5,5,5,5,4,5,5,4,5,5,5,4,5,5,5,5,3,4,4,5,4,4,4,3,4,4,4,4,4,4,4,4,4,4,4,5,5,5,4.6,5,4.83333333333333,4.81111111111111,4.8125,4.75,4,4,4,4,4,4.75,4.13636363636364,4.125
1,3,4,4,1,5,5,2,1,5,5,5,5,5,5,5,5,5,5,5,5,5,4,5,3,5,5,5,4,3,3,4,4,4,4,4,3,3,4,4,4,5,5,4,5,4,4,4,4,4,4,3.8,5,5,4.6,4.625,4.625,3.5,3.8,3.66666666666667,4.5,4.5,4,3.95454545454545,3.99444444444444
1,3,4,4,5,5,5,2,1,5,5,5,5,5,5,4,4,5,4,5,5,4,5,5,4,5,5,4,4,3,4,4,4,4,4,3,3,4,4,3,4,4,3,2,4,4,4,4,4,4,4,4.6,5,4.5,4.7,4.6875,4.625,3.75,3.6,3.66666666666667,3.25,4,4,3.68181818181818,3.71111111111111
1,4,5,5,5,5,5,2,1,4,4,4,4,5,4,5,5,5,4,5,5,4,5,5,3,4,5,5,4,3,1,4,4,5,4,4,5,5,4,4,4,3,4,4,4,4,3,4,3,4,4,5,4.2,4.66666666666667,4.62222222222222,4.625,4.5,3,4.4,4.33333333333333,3.75,4,3.75,3.86363636363636,3.87222222222222
1,4,5,5,5,5,5,2,1,4,4,4,4,5,4,5,5,5,4,4,4,4,5,5,3,4,5,5,4,3,1,4,4,5,4,4,5,5,4,4,4,4,4,4,4,4,3,4,3,4,4,5,4.2,4.5,4.56666666666667,4.5625,4.375,3,4.4,4.33333333333333,4,4,3.75,3.90909090909091,3.91388888888889
1,4,5,5,5,5,5,2,1,4,4,4,4,5,4,5,5,5,4,5,5,4,5,5,3,4,5,5,4,3,1,4,4,5,4,4,5,5,4,4,4,4,4,4,4,4,3,4,3,4,4,5,4.2,4.66666666666667,4.62222222222222,4.625,4.5,3,4.4,4.33333333333333,4,4,3.75,3.90909090909091,3.91388888888889
1,4,5,5,5,5,5,2,1,4,4,4,4,5,4,5,5,5,4,5,5,4,5,5,3,4,5,5,4,3,1,4,4,5,4,4,5,5,4,4,4,4,4,4,4,4,3,4,3,4,4,5,4.2,4.66666666666667,4.62222222222222,4.625,4.5,3,4.4,4.33333333333333,4,4,3.75,3.90909090909091,3.91388888888889
1,4,2,4,2,2,2,2,2,4,4,4,4,2,3,4,5,5,5,5,3,5,5,4,3,4,4,5,2,2,2,1,1,2,2,3,1,2,1,2,1,3,1,3,3,3,3,2,2,4,4,2.4,3.6,4.5,3.5,3.5625,4.125,1.75,1.8,1.66666666666667,2,3,3,2.13636363636364,2.20277777777778
1,4,2,4,2,2,2,2,2,4,4,4,4,2,3,4,5,5,5,5,3,5,5,4,3,4,5,5,2,2,2,1,1,2,2,3,1,2,1,2,1,3,1,3,3,3,3,2,2,3,3,2.4,3.6,4.5,3.5,3.5625,4.25,1.75,1.8,1.66666666666667,2,3,2.5,2.04545454545455,2.11944444444444
1,4,2,4,2,2,2,2,2,4,4,4,4,2,3,4,5,5,5,5,3,5,5,4,3,4,5,5,2,2,2,1,1,2,2,3,1,2,1,2,1,3,1,3,3,3,3,2,2,3,3,2.4,3.6,4.5,3.5,3.5625,4.25,1.75,1.8,1.66666666666667,2,3,2.5,2.04545454545455,2.11944444444444
1,4,2,4,2,2,2,2,2,4,4,4,4,2,3,4,5,5,5,5,3,5,5,4,3,4,5,5,2,2,2,1,1,2,2,3,1,2,1,2,1,3,1,3,3,3,3,2,2,3,3,2.4,3.6,4.5,3.5,3.5625,4.25,1.75,1.8,1.66666666666667,2,3,2.5,2.04545454545455,2.11944444444444
1,4,2,4,2,2,2,2,2,4,4,4,4,2,3,4,5,5,5,5,3,5,5,4,3,4,5,5,2,2,2,1,1,2,2,3,1,2,1,2,1,3,1,3,3,3,3,2,2,3,3,2.4,3.6,4.5,3.5,3.5625,4.25,1.75,1.8,1.66666666666667,2,3,2.5,2.04545454545455,2.11944444444444
2,4,4,4,5,5,5,2,1,5,3,4,5,4,4,4,4,4,5,5,4,5,4,5,4,4,5,4,3,1,4,3,1,2,2,3,3,3,4,4,2,2,3,4,4,4,3,4,3,4,4,4.6,4.2,4.33333333333333,4.37777777777778,4.375,4.375,2.75,2.2,3.66666666666667,2.75,4,3.75,3.04545454545455,3.18611111111111
1,4,4,4,5,5,5,2,1,5,3,4,5,4,4,4,4,4,5,5,4,5,4,5,4,4,5,4,3,1,4,3,1,2,2,3,3,3,4,4,2,2,3,4,4,4,3,4,3,4,4,4.6,4.2,4.33333333333333,4.37777777777778,4.375,4.375,2.75,2.2,3.66666666666667,2.75,4,3.75,3.04545454545455,3.18611111111111
2,4,4,4,5,5,5,2,1,5,3,4,5,4,4,4,4,4,5,5,4,5,4,5,4,4,5,4,3,1,4,3,1,2,2,3,3,3,4,4,2,2,3,4,4,4,3,4,3,4,4,4.6,4.2,4.33333333333333,4.37777777777778,4.375,4.375,2.75,2.2,3.66666666666667,2.75,4,3.75,3.04545454545455,3.18611111111111
2,4,4,4,5,5,5,2,1,5,3,4,5,4,4,4,4,4,5,5,4,5,4,5,4,4,5,4,3,1,4,3,1,2,2,3,3,3,4,4,2,2,3,4,4,4,3,4,3,4,4,4.6,4.2,4.33333333333333,4.37777777777778,4.375,4.375,2.75,2.2,3.66666666666667,2.75,4,3.75,3.04545454545455,3.18611111111111
2,4,4,4,5,5,5,2,1,5,3,4,5,4,4,4,4,4,5,5,4,5,4,5,4,4,5,4,3,1,4,3,1,2,2,3,3,3,4,4,2,2,3,4,4,4,3,4,3,4,4,4.6,4.2,4.33333333333333,4.37777777777778,4.375,4.375,2.75,2.2,3.66666666666667,2.75,4,3.75,3.04545454545455,3.18611111111111
2,5,4,4,4,4,4,3,2,3,3,3,4,2,2,3,3,3,4,3,3,5,5,5,3,4,4,4,4,1,1,1,4,4,4,2,2,2,2,2,1,5,1,1,5,5,2,4,4,4,4,4,3,3,3.33333333333333,3.3125,4.125,1.75,3.2,2,2,5,4,2.86363636363636,2.99166666666667
1,5,5,5,5,5,5,2,1,5,4,3,4,5,5,4,4,4,3,4,3,4,4,4,3,5,5,5,5,3,3,3,4,3,3,4,3,3,3,3,4,4,3,3,4,4,4,4,4,4,4,5,4.2,4,4.4,4.375,4.125,3.5,3.4,3,3.5,4,4,3.54545454545455,3.56666666666667
2,5,5,5,5,5,5,1,1,5,5,5,5,5,5,5,5,5,5,5,5,4,4,4,4,5,5,5,5,4,3,3,2,2,2,3,3,3,3,3,3,3,4,3,4,4,4,4,3,4,4,5,5,5,5,5,4.5,3.75,2.4,3,3.25,4,3.75,3.27272727272727,3.35833333333333
1,5,5,5,5,5,5,2,1,5,5,5,5,5,5,5,5,5,5,5,5,4,4,3,3,5,4,5,4,3,3,3,3,4,3,3,3,4,3,3,3,3,3,3,4,4,4,5,4,4,4,5,5,5,5,5,4.125,3.25,3.2,3.33333333333333,3,4,4.25,3.45454545454545,3.50555555555556
1,6,5,5,5,5,5,1,1,5,5,5,5,5,5,5,5,5,5,5,5,4,5,5,5,5,5,5,5,3,3,3,4,4,3,4,3,4,4,4,4,5,4,5,5,4,5,5,4,5,4,5,5,5,5,5,4.875,3.5,3.6,4,4.5,4.5,4.5,4.04545454545455,4.1
1,4,5,5,5,5,5,1,1,4,3,5,5,4,4,5,5,5,5,5,3,5,5,5,2,5,5,5,4,3,3,4,4,4,3,3,3,3,4,3,3,2,3,2,3,4,3,2,3,3,2,5,4.2,4.83333333333333,4.67777777777778,4.6875,4.375,3.5,3.4,3.33333333333333,2.5,3.5,2.5,3.09090909090909,3.12222222222222
1,4,5,5,5,5,5,1,1,4,3,5,5,4,4,5,5,5,5,3,3,5,5,5,4,5,5,5,4,3,3,4,4,4,3,3,3,3,4,3,3,2,3,2,3,4,3,2,3,3,2,5,4.2,4.5,4.56666666666667,4.5625,4.625,3.5,3.4,3.33333333333333,2.5,3.5,2.5,3.09090909090909,3.12222222222222
1,4,5,5,5,5,5,1,1,4,3,5,5,4,4,5,5,5,5,3,5,5,5,5,4,5,5,5,4,3,3,4,4,4,3,3,3,3,4,3,3,2,3,2,3,4,3,2,3,3,2,5,4.2,4.5,4.56666666666667,4.5625,4.875,3.5,3.4,3.33333333333333,2.5,3.5,2.5,3.09090909090909,3.12222222222222
1,4,5,5,5,5,5,1,1,4,3,5,5,4,4,5,5,5,5,5,3,5,5,5,4,5,5,5,4,3,3,4,4,4,3,3,3,3,4,3,3,2,3,2,3,4,3,2,3,3,2,5,4.2,4.83333333333333,4.67777777777778,4.6875,4.625,3.5,3.4,3.33333333333333,2.5,3.5,2.5,3.09090909090909,3.12222222222222
1,4,5,5,5,5,5,1,1,4,3,5,5,4,4,5,5,5,5,5,3,5,5,5,4,5,5,5,4,3,3,4,4,4,3,3,3,3,4,3,3,2,3,2,3,4,3,2,3,3,2,5,4.2,4.83333333333333,4.67777777777778,4.6875,4.625,3.5,3.4,3.33333333333333,2.5,3.5,2.5,3.09090909090909,3.12222222222222
1,5,2,2,2,5,2,1,4,4,4,4,4,3,4,5,5,5,4,4,3,5,5,4,3,4,5,5,5,3,4,2,2,2,4,4,4,5,4,4,2,4,3,4,4,5,4,4,4,4,4,2.6,3.8,4.5,3.63333333333333,3.6875,4.25,3.5,3.2,4.33333333333333,3.25,4.5,4,3.68181818181818,3.79722222222222
1,5,2,2,2,5,2,1,4,4,4,4,4,3,4,5,5,5,4,4,3,5,5,4,3,4,5,5,5,3,4,2,2,2,3,3,3,5,4,4,2,4,3,4,4,5,4,4,4,4,4,2.6,3.8,4.5,3.63333333333333,3.6875,4.25,3.5,2.6,4.33333333333333,3.25,4.5,4,3.54545454545455,3.69722222222222
1,5,2,2,2,5,2,1,4,4,4,4,4,3,4,5,5,5,4,4,3,5,5,4,3,4,5,5,5,3,4,2,2,2,4,4,4,5,4,4,2,4,3,4,4,5,4,4,4,4,4,2.6,3.8,4.5,3.63333333333333,3.6875,4.25,3.5,3.2,4.33333333333333,3.25,4.5,4,3.68181818181818,3.79722222222222
1,5,2,2,2,5,2,1,4,4,4,4,4,3,4,5,5,5,4,4,3,5,5,4,3,4,5,5,5,3,4,2,2,2,4,4,4,5,4,4,2,4,3,4,4,5,4,4,4,4,4,2.6,3.8,4.5,3.63333333333333,3.6875,4.25,3.5,3.2,4.33333333333333,3.25,4.5,4,3.68181818181818,3.79722222222222
1,5,2,2,2,5,2,1,4,4,4,4,4,3,4,5,5,5,4,4,3,5,5,4,3,4,5,5,5,3,4,2,2,2,4,4,4,5,4,4,2,4,3,4,4,5,4,4,4,4,4,2.6,3.8,4.5,3.63333333333333,3.6875,4.25,3.5,3.2,4.33333333333333,3.25,4.5,4,3.68181818181818,3.79722222222222
2,3,3,3,4,5,4,2,2,2,5,4,3,3,3,4,4,3,3,3,3,3,3,3,4,3,4,4,4,3,2,2,3,3,3,3,4,3,3,3,2,3,3,3,3,3,4,4,3,4,4,3.8,3.4,3.33333333333333,3.51111111111111,3.5,3.375,2.75,3.2,3,2.75,3,3.75,3.09090909090909,3.075
2,3,3,3,4,5,4,2,2,5,4,3,3,3,3,4,4,3,3,3,3,3,3,3,4,3,4,4,4,3,2,2,3,3,3,3,4,3,3,3,2,3,3,3,3,3,4,4,3,4,4,3.8,3.6,3.33333333333333,3.57777777777778,3.5625,3.375,2.75,3.2,3,2.75,3,3.75,3.09090909090909,3.075
2,3,3,3,4,5,4,2,2,5,4,3,3,3,3,3,3,3,3,3,3,3,3,3,4,3,4,4,4,3,2,2,3,3,3,3,4,3,3,3,2,3,3,3,3,3,4,4,3,4,4,3.8,3.6,3,3.46666666666667,3.4375,3.375,2.75,3.2,3,2.75,3,3.75,3.09090909090909,3.075
2,3,3,3,4,5,4,2,2,5,4,3,3,3,3,4,4,3,3,3,3,3,3,3,4,3,4,4,4,3,2,2,3,3,3,3,4,3,3,3,2,3,3,3,3,3,4,4,3,4,4,3.8,3.6,3.33333333333333,3.57777777777778,3.5625,3.375,2.75,3.2,3,2.75,3,3.75,3.09090909090909,3.075
2,3,3,3,4,5,4,2,2,5,4,3,3,3,3,4,4,3,3,3,3,3,3,3,4,3,4,4,4,3,2,2,3,3,3,3,4,3,3,3,2,3,3,3,3,3,4,4,3,4,4,3.8,3.6,3.33333333333333,3.57777777777778,3.5625,3.375,2.75,3.2,3,2.75,3,3.75,3.09090909090909,3.075
2,5,5,5,4,4,4,2,2,3,2,3,4,3,3,3,4,4,4,3,3,4,4,4,3,4,4,4,4,4,4,4,3,3,3,3,4,4,4,4,4,4,4,3,3,3,4,4,4,4,4,4.4,3,3.5,3.63333333333333,3.625,3.75,4,3.2,4,3.75,3,4,3.68181818181818,3.65833333333333
2,5,5,5,4,4,4,2,2,3,2,3,4,3,3,3,4,4,4,3,3,4,4,4,3,4,4,4,4,4,4,4,3,3,3,3,4,4,4,4,4,4,4,3,3,3,4,4,4,4,4,4.4,3,3.5,3.63333333333333,3.625,3.75,4,3.2,4,3.75,3,4,3.68181818181818,3.65833333333333
2,5,5,5,4,4,4,2,2,3,2,3,4,3,3,3,4,4,4,3,3,4,4,4,3,4,4,4,4,4,4,4,3,3,3,3,4,4,4,4,4,4,4,3,3,3,5,5,5,5,5,4.4,3,3.5,3.63333333333333,3.625,3.75,4,3.2,4,3.75,3,5,3.86363636363636,3.825
2,5,5,5,4,4,4,2,2,3,2,3,4,3,3,3,4,4,4,3,3,4,4,4,3,4,4,4,4,4,4,4,3,3,3,3,4,4,4,4,4,4,4,3,3,3,5,5,5,5,5,4.4,3,3.5,3.63333333333333,3.625,3.75,4,3.2,4,3.75,3,5,3.86363636363636,3.825
2,5,5,5,4,4,4,2,2,3,2,3,4,3,3,3,4,4,4,3,3,4,4,4,3,4,4,4,4,4,4,4,3,3,3,3,4,4,4,4,4,4,4,3,3,3,5,5,5,5,5,4.4,3,3.5,3.63333333333333,3.625,3.75,4,3.2,4,3.75,3,5,3.86363636363636,3.825
2,6,3,3,4,4,4,2,2,5,4,3,3,3,3,4,4,3,3,3,3,3,3,3,4,3,4,4,4,2,2,2,3,3,3,3,4,4,3,3,2,3,3,3,3,2,2,3,3,2,3,3.6,3.6,3.33333333333333,3.51111111111111,3.5,3.375,2.5,3.2,3.33333333333333,2.75,2.5,2.75,2.86363636363636,2.83888888888889
2,6,3,3,4,4,4,2,2,5,4,3,3,3,3,4,4,3,3,3,3,3,3,3,4,3,4,4,4,2,2,2,3,3,3,3,4,3,3,3,2,3,3,3,3,2,2,3,3,2,3,3.6,3.6,3.33333333333333,3.51111111111111,3.5,3.375,2.5,3.2,3,2.75,2.5,2.75,2.81818181818182,2.78333333333333
2,6,3,3,4,4,4,2,2,5,4,3,3,3,3,4,4,3,3,3,3,3,3,4,4,3,4,4,4,2,2,2,3,3,3,3,4,3,3,3,2,3,3,3,3,2,2,3,3,2,3,3.6,3.6,3.33333333333333,3.51111111111111,3.5,3.5,2.5,3.2,3,2.75,2.5,2.75,2.81818181818182,2.78333333333333
2,6,3,3,4,4,4,2,2,5,4,3,3,3,3,4,4,3,3,3,3,3,3,3,4,3,4,4,4,2,2,2,3,3,3,3,4,3,3,3,2,3,3,3,3,2,2,3,3,2,3,3.6,3.6,3.33333333333333,3.51111111111111,3.5,3.375,2.5,3.2,3,2.75,2.5,2.75,2.81818181818182,2.78333333333333
2,6,3,3,4,4,4,2,2,5,4,3,3,3,3,4,4,3,3,3,3,3,3,3,4,3,4,4,4,2,2,2,3,3,3,3,4,3,3,3,2,3,3,3,3,2,2,3,3,2,3,3.6,3.6,3.33333333333333,3.51111111111111,3.5,3.375,2.5,3.2,3,2.75,2.5,2.75,2.81818181818182,2.78333333333333
2,2,5,5,5,5,5,1,2,4,5,5,5,4,4,3,5,5,4,4,4,4,4,4,5,5,5,5,5,4,4,5,5,5,5,5,5,4,4,3,5,5,5,5,5,5,3,4,3,4,4,5,4.6,4.16666666666667,4.58888888888889,4.5625,4.5,4.5,5,3.66666666666667,5,5,3.75,4.5,4.48611111111111
2,2,5,5,5,5,5,1,2,4,5,5,5,4,4,3,5,5,4,4,4,4,4,4,5,5,5,5,5,4,4,5,5,5,5,5,5,4,4,3,5,5,5,5,5,4,3,4,3,4,4,5,4.6,4.16666666666667,4.58888888888889,4.5625,4.5,4.5,5,3.66666666666667,5,4.5,3.75,4.45454545454545,4.40277777777778
2,2,5,5,5,5,5,1,2,4,5,5,5,4,4,3,5,5,4,4,4,4,4,4,5,5,5,5,5,4,4,5,5,5,5,5,5,4,4,3,5,5,5,5,5,4,3,4,3,4,4,5,4.6,4.16666666666667,4.58888888888889,4.5625,4.5,4.5,5,3.66666666666667,5,4.5,3.75,4.45454545454545,4.40277777777778
2,2,5,5,5,5,5,1,2,4,5,5,5,4,4,3,5,5,4,4,4,4,4,4,5,5,5,5,5,4,4,5,5,5,5,5,5,4,4,3,5,5,5,5,5,4,3,4,3,4,4,5,4.6,4.16666666666667,4.58888888888889,4.5625,4.5,4.5,5,3.66666666666667,5,4.5,3.75,4.45454545454545,4.40277777777778
2,2,5,5,5,5,5,1,2,4,5,5,5,4,4,3,5,5,4,4,4,4,4,4,5,5,5,5,5,4,4,5,5,5,5,5,5,4,4,3,5,5,5,5,5,4,3,4,3,4,4,5,4.6,4.16666666666667,4.58888888888889,4.5625,4.5,4.5,5,3.66666666666667,5,4.5,3.75,4.45454545454545,4.40277777777778
1,3,4,5,4,5,2,4,3,4,3,3,1,3,2,2,2,2,1,2,1,1,2,2,2,2,1,1,1,2,3,5,3,3,5,1,3,3,3,1,1,1,3,3,2,5,5,4,2,4,3,4,2.8,1.83333333333333,2.87777777777778,2.8125,1.5,2.75,3,2.33333333333333,2,3.5,3.25,2.77272727272727,2.80555555555556
1,4,5,4,5,4,4,2,4,4,3,4,2,2,3,5,5,5,5,3,3,5,5,4,4,4,5,4,3,3,1,1,1,2,1,2,1,2,2,3,2,2,3,4,3,3,3,2,2,2,2,4.4,3,4.33333333333333,3.91111111111111,3.9375,4.25,2,1.4,2.33333333333333,2.75,3,2,2.13636363636364,2.24722222222222
1,4,5,4,5,4,4,2,4,4,3,4,2,2,3,5,5,5,5,3,3,5,5,4,4,4,5,4,3,3,1,1,1,2,1,2,1,2,2,3,2,2,3,4,3,3,3,2,2,2,2,4.4,3,4.33333333333333,3.91111111111111,3.9375,4.25,2,1.4,2.33333333333333,2.75,3,2,2.13636363636364,2.24722222222222
1,4,5,4,5,4,4,2,4,4,3,3,2,2,5,3,5,5,5,3,3,5,5,4,4,5,5,4,3,3,1,1,1,2,1,2,1,2,2,3,2,2,3,4,3,3,3,2,2,2,2,4.4,2.8,4.33333333333333,3.84444444444444,3.875,4.375,2,1.4,2.33333333333333,2.75,3,2,2.13636363636364,2.24722222222222
1,4,5,4,5,4,4,2,4,4,3,4,2,2,3,5,5,5,5,3,3,5,5,4,4,4,5,4,3,3,1,1,1,2,1,2,1,2,2,3,2,2,3,4,3,3,3,2,2,2,2,4.4,3,4.33333333333333,3.91111111111111,3.9375,4.25,2,1.4,2.33333333333333,2.75,3,2,2.13636363636364,2.24722222222222
1,4,5,4,5,4,4,2,4,4,3,4,2,2,3,5,5,5,5,3,3,5,5,4,4,4,5,4,3,3,1,1,1,2,1,2,1,2,2,3,2,2,3,4,3,3,3,2,2,2,2,4.4,3,4.33333333333333,3.91111111111111,3.9375,4.25,2,1.4,2.33333333333333,2.75,3,2,2.13636363636364,2.24722222222222
1,3,5,5,5,5,5,1,3,1,3,3,5,5,5,5,5,2,4,2,1,5,5,5,5,5,5,5,5,5,5,1,1,2,1,1,1,1,1,1,1,1,1,3,3,4,4,4,4,4,4,5,3.4,3.83333333333333,4.07777777777778,4.0625,4.5,4,1.2,1,1.5,3.5,4,2.45454545454545,2.53333333333333
1,3,5,5,5,5,5,1,3,1,3,3,5,5,5,5,5,1,4,2,1,5,5,5,5,5,5,5,5,5,5,5,1,1,1,1,1,1,1,1,1,1,1,3,3,4,4,4,3,3,4,5,3.4,3.66666666666667,4.02222222222222,4,4.5,5,1,1,1.5,3.5,3.5,2.5,2.58333333333333
1,3,5,5,5,5,5,1,3,1,3,3,5,5,5,5,5,1,4,2,1,5,5,5,5,5,5,5,5,5,5,5,1,1,2,1,1,1,1,1,1,1,1,3,3,4,4,4,3,3,4,5,3.4,3.66666666666667,4.02222222222222,4,4.5,5,1.2,1,1.5,3.5,3.5,2.54545454545455,2.61666666666667
1,3,5,5,5,5,5,3,1,5,4,3,4,4,3,4,4,4,3,4,4,4,4,4,3,3,4,4,2,2,4,1,2,3,2,3,2,3,2,2,3,2,2,3,4,4,4,3,3,3,4,5,4,3.66666666666667,4.22222222222222,4.1875,3.75,2.25,2.4,2.33333333333333,2.5,4,3.25,2.68181818181818,2.78888888888889
1,5,4,5,4,5,5,2,1,4,5,5,5,5,5,4,3,4,3,3,3,5,4,3,3,4,4,4,5,2,2,3,2,2,4,2,3,3,2,3,2,4,3,2,4,4,5,5,5,4,4,4.6,4.8,3.66666666666667,4.35555555555556,4.3125,3.75,3,2.6,2.66666666666667,2.75,4,4.5,3.18181818181818,3.25277777777778
1,6,5,5,5,5,5,1,1,5,5,5,5,5,5,5,5,5,5,5,5,5,5,5,5,5,5,5,5,4,3,4,4,4,4,3,3,3,3,4,4,4,4,4,4,4,4,3,3,4,4,5,5,5,5,5,5,4,3.6,3.33333333333333,4,4,3.5,3.72727272727273,3.73888888888889
1,6,5,5,5,5,5,3,1,5,5,5,5,4,5,4,4,4,5,5,5,5,5,4,3,4,4,5,5,5,3,4,3,2,3,3,4,3,4,3,4,4,3,3,4,4,5,5,4,4,3,5,4.8,4.5,4.76666666666667,4.75,4.375,4.25,3,3.33333333333333,3.5,4,4,3.63636363636364,3.68055555555556
1,6,4,4,5,3,5,2,1,5,4,5,5,5,5,5,5,5,5,4,4,4,3,3,3,5,5,4,2,3,4,4,4,4,4,4,4,4,4,4,4,5,5,5,5,3,4,4,3,5,5,4.2,4.8,4.83333333333333,4.61111111111111,4.625,3.875,3.25,4,4,4.75,4,4.25,4.04545454545455,4.04166666666667
1,6,5,5,5,5,4,1,2,5,5,4,4,5,5,5,5,5,4,5,5,5,5,5,5,4,5,4,3,2,4,4,5,5,3,3,4,4,4,5,5,5,3,4,5,4,5,5,4,4,4,4.8,4.6,4.83333333333333,4.74444444444444,4.75,4.75,3.25,4,4.33333333333333,4.25,4.5,4.25,4.04545454545455,4.09722222222222
1,4,4,5,4,5,4,2,2,4,3,5,4,3,4,4,5,4,4,4,3,4,4,4,4,4,4,5,4,4,4,4,3,2,3,2,4,5,4,4,3,4,4,4,5,4,3,2,3,4,3,4.4,3.8,4.16666666666667,4.12222222222222,4.125,4,4,2.8,4.33333333333333,3.75,4.5,3,3.59090909090909,3.73055555555556
1,4,4,5,4,5,4,2,2,4,3,5,4,3,4,4,5,4,4,4,3,4,4,4,4,4,4,5,4,4,4,4,3,2,3,2,4,5,4,4,3,4,4,4,5,4,3,2,3,4,3,4.4,3.8,4.16666666666667,4.12222222222222,4.125,4,4,2.8,4.33333333333333,3.75,4.5,3,3.59090909090909,3.73055555555556
1,4,4,5,4,5,4,2,2,4,3,5,4,3,4,4,5,4,4,4,3,4,4,4,4,4,4,5,4,4,4,4,3,2,3,2,4,5,4,4,3,4,4,4,5,4,3,2,3,4,3,4.4,3.8,4.16666666666667,4.12222222222222,4.125,4,4,2.8,4.33333333333333,3.75,4.5,3,3.59090909090909,3.73055555555556
1,4,4,5,4,5,4,2,2,4,3,5,4,3,3,3,5,4,4,4,3,4,4,4,4,4,4,5,4,4,4,4,3,2,3,2,4,5,4,4,3,4,4,4,5,4,3,2,3,4,3,4.4,3.8,3.83333333333333,4.01111111111111,4,4,4,2.8,4.33333333333333,3.75,4.5,3,3.59090909090909,3.73055555555556
1,4,4,5,4,5,4,2,2,4,3,5,4,3,4,4,5,4,4,4,3,4,4,4,4,4,4,5,4,4,4,4,3,2,3,2,4,5,4,4,3,4,4,4,5,4,3,2,3,4,3,4.4,3.8,4.16666666666667,4.12222222222222,4.125,4,4,2.8,4.33333333333333,3.75,4.5,3,3.59090909090909,3.73055555555556
1,4,5,4,4,5,4,2,2,5,4,5,5,5,5,5,5,5,4,4,3,3,3,4,3,5,4,4,5,2,3,3,4,3,4,4,4,4,3,5,4,4,3,3,4,4,4,4,4,4,4,4.4,4.8,4.66666666666667,4.62222222222222,4.625,3.625,3.25,3.8,4,3.5,4,4,3.72727272727273,3.75833333333333
1,5,5,5,5,5,5,1,1,5,5,5,5,5,5,5,5,5,5,5,5,5,4,5,3,4,4,4,4,4,3,3,3,4,3,4,4,3,4,3,4,5,5,5,5,5,4,5,5,5,4,5,5,5,5,5,4.25,3.5,3.6,3.33333333333333,4.75,5,4.75,4.09090909090909,4.15555555555556
1,5,4,3,4,3,5,2,1,5,5,5,5,5,5,5,5,5,5,5,4,4,4,4,3,5,5,5,5,3,3,3,2,2,2,3,4,3,2,2,3,2,2,3,4,4,4,5,5,3,4,3.8,5,5,4.6,4.625,4.25,3.5,2.6,2.33333333333333,2.5,4,4.25,3.13636363636364,3.19722222222222
1,6,4,5,4,4,5,2,1,5,4,5,5,5,5,5,4,5,5,5,5,4,5,5,5,5,5,5,5,4,5,5,3,2,2,3,4,3,4,3,4,4,4,5,5,4,5,5,5,5,4,4.4,4.8,4.83333333333333,4.67777777777778,4.6875,4.875,4.75,2.8,3.33333333333333,4.25,4.5,4.75,4,4.06388888888889
1,6,5,4,5,5,4,1,1,5,5,4,4,4,5,4,5,5,5,5,5,3,5,4,5,4,5,5,5,5,3,4,2,3,4,3,4,3,4,4,4,4,4,4,4,4,5,4,3,4,4,4.6,4.4,4.83333333333333,4.61111111111111,4.625,4.5,4.25,3.2,3.66666666666667,4,4,3.75,3.77272727272727,3.81111111111111
1,6,5,4,5,5,4,3,1,5,5,4,5,5,5,5,5,4,4,5,5,4,5,5,4,5,5,5,4,2,2,2,3,3,4,4,5,5,5,3,4,3,4,4,4,4,4,4,4,4,4,4.6,4.8,4.66666666666667,4.68888888888889,4.6875,4.75,2.5,3.8,4.33333333333333,3.75,4,4,3.68181818181818,3.73055555555556
1,6,5,5,4,5,4,2,1,5,5,5,5,5,4,5,5,5,5,5,5,4,5,5,3,4,5,5,5,5,5,2,3,3,3,3,4,4,4,4,5,5,3,3,3,4,4,4,4,4,4,4.6,5,4.83333333333333,4.81111111111111,4.8125,4.5,4.25,3.2,4,4,3.5,4,3.81818181818182,3.825
2,5,5,4,3,4,4,1,3,5,4,3,4,4,5,5,5,5,4,5,5,5,5,5,5,5,5,5,5,3,4,4,2,3,3,3,2,3,3,4,4,4,4,5,5,5,4,4,3,3,4,4,4,4.83333333333333,4.27777777777778,4.3125,5,4,2.6,3.33333333333333,4.25,5,3.5,3.63636363636364,3.78055555555556
2,6,4,3,5,4,5,1,2,5,4,4,5,5,5,5,5,5,4,4,5,4,4,5,5,4,5,5,5,2,3,4,3,3,4,4,5,5,5,5,5,5,5,5,5,4,3,3,3,4,4,4.2,4.6,4.66666666666667,4.48888888888889,4.5,4.625,3.5,3.8,5,5,4.5,3.5,4.13636363636364,4.21666666666667
1,2,4,4,4,3,4,3,2,4,4,3,4,4,4,4,5,5,5,4,4,3,4,4,3,5,5,5,5,5,3,2,3,2,3,2,3,3,2,2,2,3,2,2,4,4,5,5,3,4,4,3.8,3.8,4.5,4.03333333333333,4.0625,4.125,3.75,2.6,2.33333333333333,2.25,4,4,3.09090909090909,3.15555555555556
2,5,5,5,5,5,5,1,2,5,3,5,5,5,5,5,5,5,5,5,3,5,5,5,4,5,5,5,5,3,3,4,4,2,3,3,2,3,3,2,3,3,2,3,4,4,2,4,4,3,4,5,4.6,5,4.86666666666667,4.875,4.625,3.75,2.8,2.66666666666667,2.75,4,3.75,3.22727272727273,3.28611111111111
2,5,5,5,5,5,5,1,2,5,3,5,5,5,5,5,5,5,5,5,3,5,5,5,4,5,5,5,5,3,3,4,4,2,3,3,2,3,3,2,3,3,2,3,4,4,2,4,4,3,4,5,4.6,5,4.86666666666667,4.875,4.625,3.75,2.8,2.66666666666667,2.75,4,3.75,3.22727272727273,3.28611111111111
2,5,5,5,5,5,5,1,2,5,3,5,5,5,5,5,5,5,5,5,3,5,5,5,4,5,5,5,5,3,3,4,4,2,3,3,2,3,3,2,3,3,2,3,4,4,2,4,4,3,4,5,4.6,5,4.86666666666667,4.875,4.625,3.75,2.8,2.66666666666667,2.75,4,3.75,3.22727272727273,3.28611111111111
2,5,5,5,5,5,5,1,2,5,3,5,5,5,5,5,5,5,5,5,3,5,5,5,4,5,5,5,5,3,3,4,4,2,3,3,2,3,3,2,3,3,2,3,4,4,2,4,4,3,4,5,4.6,5,4.86666666666667,4.875,4.625,3.75,2.8,2.66666666666667,2.75,4,3.75,3.22727272727273,3.28611111111111
2,5,5,5,5,5,5,1,2,5,3,5,5,5,5,5,5,5,5,5,3,5,5,5,4,5,5,5,5,3,3,4,4,2,3,3,2,3,3,2,3,3,2,3,4,4,2,4,4,3,4,5,4.6,5,4.86666666666667,4.875,4.625,3.75,2.8,2.66666666666667,2.75,4,3.75,3.22727272727273,3.28611111111111
2,5,5,5,5,5,5,1,2,5,3,5,5,5,5,5,5,5,5,5,3,5,5,5,4,5,5,5,5,3,3,4,4,2,3,3,2,3,3,2,3,3,2,3,4,4,2,4,4,3,4,5,4.6,5,4.86666666666667,4.875,4.625,3.75,2.8,2.66666666666667,2.75,4,3.75,3.22727272727273,3.28611111111111
1,5,5,5,5,5,5,1,2,5,3,5,5,5,5,5,5,5,5,5,3,5,5,5,4,5,5,5,5,3,3,4,4,2,3,3,2,3,3,2,3,3,2,3,4,4,2,4,4,3,4,5,4.6,5,4.86666666666667,4.875,4.625,3.75,2.8,2.66666666666667,2.75,4,3.75,3.22727272727273,3.28611111111111
1,4,5,5,5,5,5,1,2,5,3,5,5,5,5,5,5,5,5,5,3,5,5,5,4,5,5,5,5,3,3,4,4,2,3,3,2,3,3,2,3,3,2,3,4,4,4,2,4,3,4,5,4.6,5,4.86666666666667,4.875,4.625,3.75,2.8,2.66666666666667,2.75,4,3.25,3.13636363636364,3.20277777777778
1,5,5,5,5,5,5,1,2,5,3,5,5,5,5,5,5,5,5,5,3,5,5,5,4,5,5,5,5,3,3,4,4,2,3,3,2,3,3,2,3,3,2,3,4,4,2,4,4,3,4,5,4.6,5,4.86666666666667,4.875,4.625,3.75,2.8,2.66666666666667,2.75,4,3.75,3.22727272727273,3.28611111111111
1,6,5,5,5,5,5,1,2,5,3,5,5,5,5,5,5,5,5,5,3,5,5,5,4,5,5,5,5,3,3,4,4,2,3,3,2,3,3,2,3,3,2,3,4,4,2,4,4,3,4,5,4.6,5,4.86666666666667,4.875,4.625,3.75,2.8,2.66666666666667,2.75,4,3.75,3.22727272727273,3.28611111111111
1,5,5,5,5,5,5,1,2,5,3,5,5,5,5,5,5,5,5,5,3,5,5,5,4,5,5,5,5,3,3,4,4,2,3,3,2,3,3,2,3,3,2,3,4,4,2,4,4,3,4,5,4.6,5,4.86666666666667,4.875,4.625,3.75,2.8,2.66666666666667,2.75,4,3.75,3.22727272727273,3.28611111111111
1,5,5,5,5,5,5,1,2,5,3,5,5,5,5,5,5,5,5,5,3,5,5,5,4,5,5,5,5,3,3,4,4,2,3,3,2,3,3,2,3,3,2,3,4,4,2,4,4,3,4,5,4.6,5,4.86666666666667,4.875,4.625,3.75,2.8,2.66666666666667,2.75,4,3.75,3.22727272727273,3.28611111111111
1,5,5,5,5,5,5,1,2,5,3,5,5,5,5,5,5,5,5,5,3,5,5,5,4,5,5,5,5,3,3,4,4,2,3,3,2,3,3,2,3,3,2,3,4,4,2,4,4,3,4,5,4.6,5,4.86666666666667,4.875,4.625,3.75,2.8,2.66666666666667,2.75,4,3.75,3.22727272727273,3.28611111111111
1,5,5,5,5,5,5,1,2,5,3,5,5,5,5,5,5,5,5,5,3,5,5,5,4,5,5,5,5,3,3,4,4,2,3,3,2,3,3,2,3,3,2,3,4,4,2,4,4,3,4,5,4.6,5,4.86666666666667,4.875,4.625,3.75,2.8,2.66666666666667,2.75,4,3.75,3.22727272727273,3.28611111111111
1,5,5,5,5,5,5,1,2,5,3,5,5,5,5,5,5,5,5,5,3,5,5,5,4,5,5,5,5,3,3,4,4,2,3,3,2,3,3,2,3,3,2,3,4,4,2,4,4,3,4,5,4.6,5,4.86666666666667,4.875,4.625,3.75,2.8,2.66666666666667,2.75,4,3.75,3.22727272727273,3.28611111111111
1,5,5,5,5,5,5,1,2,5,3,5,5,5,5,5,5,5,5,5,3,5,5,5,4,5,5,5,5,3,3,4,4,2,3,3,2,3,3,2,3,3,2,3,4,4,2,4,4,3,4,5,4.6,5,4.86666666666667,4.875,4.625,3.75,2.8,2.66666666666667,2.75,4,3.75,3.22727272727273,3.28611111111111
1,4,5,5,5,5,5,1,2,5,3,5,5,5,5,5,5,5,5,5,3,5,5,5,4,5,5,5,5,3,3,4,4,2,3,3,2,3,3,2,3,3,2,3,4,4,2,4,4,3,4,5,4.6,5,4.86666666666667,4.875,4.625,3.75,2.8,2.66666666666667,2.75,4,3.75,3.22727272727273,3.28611111111111
2,3,5,5,5,5,5,1,2,5,3,5,5,5,5,5,5,5,5,5,3,5,5,5,4,5,5,5,5,3,3,4,4,2,3,3,2,3,3,2,3,3,2,3,4,4,2,4,4,3,4,5,4.6,5,4.86666666666667,4.875,4.625,3.75,2.8,2.66666666666667,2.75,4,3.75,3.22727272727273,3.28611111111111
1,2,5,5,5,5,5,1,2,5,3,5,5,5,5,5,5,5,5,5,3,5,5,5,4,5,5,5,5,3,3,4,4,2,3,3,2,3,3,2,3,3,2,3,4,4,2,4,4,3,4,5,4.6,5,4.86666666666667,4.875,4.625,3.75,2.8,2.66666666666667,2.75,4,3.75,3.22727272727273,3.28611111111111
1,6,5,5,5,5,5,1,2,5,3,5,5,5,5,5,5,5,5,5,3,5,5,5,4,5,5,5,5,3,3,4,2,3,3,3,2,3,3,2,3,3,2,3,4,4,2,4,4,3,5,5,4.6,5,4.86666666666667,4.875,4.625,3.75,2.6,2.66666666666667,2.75,4,4,3.22727272727273,3.29444444444444
1,5,5,5,5,5,5,1,2,5,3,5,5,5,5,5,5,5,5,5,3,5,5,5,4,5,5,5,5,3,3,4,4,2,3,3,2,3,3,2,3,3,2,3,4,4,2,4,4,3,4,5,4.6,5,4.86666666666667,4.875,4.625,3.75,2.8,2.66666666666667,2.75,4,3.75,3.22727272727273,3.28611111111111
1,4,5,5,5,5,5,1,2,5,3,5,5,5,5,5,5,5,5,5,3,5,5,5,4,5,5,5,5,3,3,4,4,2,3,3,2,3,3,2,3,3,2,3,4,4,2,4,4,3,4,5,4.6,5,4.86666666666667,4.875,4.625,3.75,2.8,2.66666666666667,2.75,4,3.75,3.22727272727273,3.28611111111111
1,4,5,5,5,5,5,1,2,5,3,5,5,5,5,5,5,5,5,5,3,5,5,5,4,5,5,5,5,3,3,4,4,2,3,3,2,3,3,2,3,3,2,3,4,4,2,4,4,3,4,5,4.6,5,4.86666666666667,4.875,4.625,3.75,2.8,2.66666666666667,2.75,4,3.75,3.22727272727273,3.28611111111111
1,4,5,5,5,5,5,1,2,5,3,5,5,5,5,5,5,5,5,5,3,5,5,5,4,5,5,5,5,3,3,4,4,2,3,3,2,3,3,2,3,3,2,3,4,4,2,4,4,3,4,5,4.6,5,4.86666666666667,4.875,4.625,3.75,2.8,2.66666666666667,2.75,4,3.75,3.22727272727273,3.28611111111111
1,3,5,5,5,5,5,1,2,5,3,5,5,5,5,5,5,5,5,5,3,5,5,5,4,5,5,5,5,3,3,4,4,2,3,3,2,3,3,2,3,3,2,3,4,4,2,4,4,3,4,5,4.6,5,4.86666666666667,4.875,4.625,3.75,2.8,2.66666666666667,2.75,4,3.75,3.22727272727273,3.28611111111111
1,4,3,1,5,1,5,1,5,5,1,5,5,5,1,5,5,5,5,5,1,5,5,5,5,5,5,5,5,3,5,5,5,5,5,5,5,5,5,5,5,5,5,5,5,5,5,5,5,5,5,3,4.2,4.33333333333333,3.84444444444444,3.875,4.5,4.5,5,5,5,5,5,4.90909090909091,4.91666666666667
1,3,5,5,5,5,5,1,1,5,5,5,5,4,5,5,5,5,4,4,4,5,5,5,5,4,5,5,4,5,4,4,4,4,5,2,2,4,5,4,2,4,4,4,5,5,5,4,2,5,4,5,4.8,4.66666666666667,4.82222222222222,4.8125,4.75,4.25,3.4,4.33333333333333,3.5,5,3.75,3.90909090909091,4.03888888888889
1,3,5,5,5,5,5,1,2,5,3,5,5,5,5,5,5,5,5,5,3,5,5,5,4,5,5,5,5,3,3,4,4,2,3,3,2,3,3,2,3,3,2,3,4,4,2,4,4,3,4,5,4.6,5,4.86666666666667,4.875,4.625,3.75,2.8,2.66666666666667,2.75,4,3.75,3.22727272727273,3.28611111111111
1,3,5,5,5,5,5,1,2,5,3,5,5,5,5,5,5,5,5,5,3,5,5,5,4,5,5,5,5,3,3,4,4,2,3,3,2,3,3,2,3,3,2,3,4,4,2,4,4,3,4,5,4.6,5,4.86666666666667,4.875,4.625,3.75,2.8,2.66666666666667,2.75,4,3.75,3.22727272727273,3.28611111111111
2,3,5,5,5,5,5,1,2,5,3,5,5,5,5,5,5,5,5,5,3,5,5,4,5,5,5,5,5,3,3,4,4,2,3,3,2,3,3,2,3,3,2,3,4,4,2,4,4,3,4,5,4.6,5,4.86666666666667,4.875,4.625,3.75,2.8,2.66666666666667,2.75,4,3.75,3.22727272727273,3.28611111111111
2,3,5,5,5,5,5,1,2,5,3,5,5,5,5,5,5,5,5,5,3,5,5,5,4,5,5,5,5,3,3,4,2,3,3,3,2,3,3,3,3,3,2,3,4,4,2,4,4,3,4,5,4.6,5,4.86666666666667,4.875,4.625,3.75,2.6,3,2.75,4,3.75,3.22727272727273,3.30833333333333
2,2,5,5,5,5,5,1,2,5,3,5,5,5,5,5,5,5,5,5,3,5,5,5,4,5,5,5,5,3,3,4,4,2,3,3,2,3,3,2,4,3,2,3,4,4,2,4,3,3,4,5,4.6,5,4.86666666666667,4.875,4.625,3.75,2.8,2.66666666666667,3,4,3.5,3.22727272727273,3.28611111111111
2,3,5,5,5,5,5,1,2,5,3,5,5,4,5,5,5,5,5,5,3,5,5,5,4,5,5,5,5,3,3,4,4,2,3,3,2,3,3,2,3,3,2,3,4,4,2,3,4,4,4,5,4.4,5,4.8,4.8125,4.625,3.75,2.8,2.66666666666667,2.75,4,3.75,3.22727272727273,3.28611111111111
1,4,5,5,5,5,4,1,2,5,3,5,5,5,5,5,5,5,5,5,3,5,5,5,4,5,5,5,5,3,3,4,4,2,3,3,2,3,3,2,3,3,2,3,4,4,2,4,4,3,4,4.8,4.6,5,4.8,4.8125,4.625,3.75,2.8,2.66666666666667,2.75,4,3.75,3.22727272727273,3.28611111111111
2,4,5,5,5,5,5,1,2,5,4,4,5,5,5,5,5,5,5,5,3,4,5,5,4,5,4,5,5,3,3,4,4,2,3,3,2,3,3,2,3,3,2,3,4,4,2,4,4,3,4,5,4.6,5,4.86666666666667,4.875,4.375,3.75,2.8,2.66666666666667,2.75,4,3.75,3.22727272727273,3.28611111111111
2,4,5,5,5,5,5,1,2,5,5,5,5,5,5,5,5,5,5,5,3,5,5,5,4,5,5,5,5,3,3,4,4,2,3,3,2,3,3,2,3,3,2,3,4,4,2,4,4,3,4,5,5,5,5,5,4.625,3.75,2.8,2.66666666666667,2.75,4,3.75,3.22727272727273,3.28611111111111
1,5,5,5,5,5,5,1,2,5,3,5,5,5,5,5,5,5,5,5,3,5,5,5,4,5,5,5,5,3,3,4,4,2,3,3,2,3,3,2,3,3,2,3,3,4,2,4,4,3,4,5,4.6,5,4.86666666666667,4.875,4.625,3.75,2.8,2.66666666666667,2.75,3.5,3.75,3.18181818181818,3.20277777777778
1,3,5,5,5,5,5,1,2,5,3,5,5,5,5,5,5,5,5,5,3,5,5,5,4,5,5,5,5,3,3,4,4,2,3,3,2,3,3,2,3,3,2,3,4,4,2,4,4,3,4,5,4.6,5,4.86666666666667,4.875,4.625,3.75,2.8,2.66666666666667,2.75,4,3.75,3.22727272727273,3.28611111111111
1,6,5,5,5,5,5,1,2,5,3,5,5,5,5,5,5,5,5,5,3,5,5,5,4,5,5,5,5,3,3,4,4,2,3,3,2,3,3,2,3,3,2,3,4,4,2,4,4,3,4,5,4.6,5,4.86666666666667,4.875,4.625,3.75,2.8,2.66666666666667,2.75,4,3.75,3.22727272727273,3.28611111111111
1,5,5,5,5,5,5,1,2,5,3,5,5,5,5,5,5,5,5,5,3,5,5,5,5,5,5,5,5,3,4,4,4,2,3,3,2,3,3,2,3,3,2,3,4,4,2,4,4,3,4,5,4.6,5,4.86666666666667,4.875,4.75,4,2.8,2.66666666666667,2.75,4,3.75,3.27272727272727,3.32777777777778
1,5,5,5,5,5,5,1,2,5,3,5,5,5,5,5,5,5,5,5,5,5,5,5,4,5,4,5,5,3,3,4,4,2,3,3,2,3,3,2,3,3,2,3,4,4,2,4,4,3,4,5,4.6,5,4.86666666666667,4.875,4.75,3.75,2.8,2.66666666666667,2.75,4,3.75,3.22727272727273,3.28611111111111
1,6,5,5,5,5,5,1,2,5,5,5,5,5,5,5,5,5,5,5,3,5,5,5,4,5,5,5,5,3,3,4,4,2,3,3,2,3,3,2,3,3,2,3,4,4,2,4,4,3,4,5,5,5,5,5,4.625,3.75,2.8,2.66666666666667,2.75,4,3.75,3.22727272727273,3.28611111111111
1,3,5,4,5,5,5,1,2,5,3,5,5,5,5,5,5,5,5,5,3,5,5,5,4,5,5,5,5,3,3,4,4,2,3,3,2,3,3,2,3,3,2,3,4,4,2,4,4,3,4,4.8,4.6,5,4.8,4.8125,4.625,3.75,2.8,2.66666666666667,2.75,4,3.75,3.22727272727273,3.28611111111111
1,5,5,5,5,5,5,1,2,5,3,5,5,5,5,5,5,5,5,5,3,5,4,5,4,5,5,5,5,3,3,4,4,2,3,3,2,3,3,2,3,3,2,3,4,4,2,4,4,3,4,5,4.6,5,4.86666666666667,4.875,4.5,3.75,2.8,2.66666666666667,2.75,4,3.75,3.22727272727273,3.28611111111111
1,4,5,5,5,5,5,1,2,5,3,5,5,5,5,5,5,5,5,5,3,5,5,5,4,5,5,5,5,3,3,4,4,2,3,3,2,3,3,2,3,3,2,3,4,4,2,4,4,3,4,5,4.6,5,4.86666666666667,4.875,4.625,3.75,2.8,2.66666666666667,2.75,4,3.75,3.22727272727273,3.28611111111111
1,5,5,5,5,5,5,1,2,5,3,5,5,5,5,5,5,5,4,5,5,5,5,5,4,5,5,5,5,3,3,4,4,2,3,3,2,3,3,2,3,3,2,4,4,4,2,4,4,3,4,5,4.6,4.83333333333333,4.81111111111111,4.8125,4.875,3.75,2.8,2.66666666666667,3,4,3.75,3.27272727272727,3.32777777777778
2,5,5,5,5,5,5,1,2,5,3,5,5,5,5,5,5,5,5,5,3,5,5,5,4,5,5,5,5,3,3,4,4,2,3,3,2,3,3,2,3,3,2,4,4,4,2,4,4,3,4,5,4.6,5,4.86666666666667,4.875,4.625,3.75,2.8,2.66666666666667,3,4,3.75,3.27272727272727,3.32777777777778
2,3,5,5,5,5,5,1,2,5,3,5,5,5,5,5,5,5,5,5,3,5,5,5,4,5,5,5,5,3,3,4,4,2,3,3,2,3,3,2,3,3,2,3,4,4,2,4,4,4,4,5,4.6,5,4.86666666666667,4.875,4.625,3.75,2.8,2.66666666666667,2.75,4,4,3.27272727272727,3.32777777777778
1,4,5,5,5,5,5,1,2,5,3,5,5,5,5,5,5,5,5,5,3,5,5,5,2,5,5,5,5,3,3,4,4,2,3,3,2,3,3,2,3,3,2,3,4,4,2,4,4,3,4,5,4.6,5,4.86666666666667,4.875,4.375,3.75,2.8,2.66666666666667,2.75,4,3.75,3.22727272727273,3.28611111111111
1,3,5,5,5,5,5,1,2,5,3,5,5,5,5,5,5,5,5,5,5,5,5,5,4,5,5,5,5,3,3,4,4,2,3,3,2,3,3,2,3,3,2,3,4,4,3,4,4,4,4,5,4.6,5,4.86666666666667,4.875,4.875,3.75,2.8,2.66666666666667,2.75,4,4,3.27272727272727,3.32777777777778
1,3,5,5,5,5,5,1,2,5,3,5,5,5,5,5,5,5,5,5,3,5,5,5,4,5,5,5,5,3,3,4,4,2,3,3,2,3,3,2,3,3,2,3,4,4,2,4,4,3,4,5,4.6,5,4.86666666666667,4.875,4.625,3.75,2.8,2.66666666666667,2.75,4,3.75,3.22727272727273,3.28611111111111
1,3,5,5,5,5,5,1,2,5,3,5,5,5,5,5,5,5,5,5,3,5,5,5,4,5,5,5,5,3,3,4,4,2,3,3,2,3,3,2,3,3,2,3,4,4,2,4,4,3,4,5,4.6,5,4.86666666666667,4.875,4.625,3.75,2.8,2.66666666666667,2.75,4,3.75,3.22727272727273,3.28611111111111
1,5,5,5,5,5,5,1,2,5,3,5,5,5,5,5,5,5,5,5,3,5,5,5,4,5,5,5,5,3,3,4,4,2,3,3,2,3,3,2,3,3,2,3,4,4,2,4,4,3,4,5,4.6,5,4.86666666666667,4.875,4.625,3.75,2.8,2.66666666666667,2.75,4,3.75,3.22727272727273,3.28611111111111
1,4,5,5,5,5,5,1,2,5,3,5,5,5,5,5,5,5,5,5,4,5,5,5,4,5,5,5,5,4,4,5,4,2,3,4,2,3,4,5,4,4,4,5,5,4,4,4,4,5,5,5,4.6,5,4.86666666666667,4.875,4.75,4.5,3,4,4.25,4.5,4.5,4.04545454545455,4.125
1,5,5,5,5,5,5,1,2,5,3,5,5,5,5,5,5,5,5,5,3,5,5,5,4,5,5,5,5,3,3,4,4,2,3,3,2,3,3,2,3,3,2,3,4,4,2,3,4,3,4,5,4.6,5,4.86666666666667,4.875,4.625,3.75,2.8,2.66666666666667,2.75,4,3.5,3.18181818181818,3.24444444444444
1,5,5,5,5,5,5,1,2,5,3,5,5,5,5,5,5,5,5,5,3,5,5,5,4,5,5,5,5,3,3,4,4,2,3,3,2,3,3,2,3,3,2,3,4,4,2,4,4,3,4,5,4.6,5,4.86666666666667,4.875,4.625,3.75,2.8,2.66666666666667,2.75,4,3.75,3.22727272727273,3.28611111111111
1,4,5,5,5,5,5,1,2,5,3,5,5,5,5,5,5,5,5,5,4,5,5,5,4,5,5,5,5,3,3,4,4,2,3,3,2,3,3,2,3,3,2,3,4,4,4,4,4,4,4,5,4.6,5,4.86666666666667,4.875,4.75,3.75,2.8,2.66666666666667,2.75,4,4,3.27272727272727,3.32777777777778
1,5,5,5,5,5,5,1,2,5,5,5,5,5,5,5,5,5,5,5,4,5,5,5,4,5,5,5,5,4,4,4,4,2,4,4,2,5,4,4,3,5,2,4,5,5,5,5,5,5,5,5,5,5,5,5,4.75,4.25,3.2,4.33333333333333,3.5,5,5,4.09090909090909,4.21388888888889
1,2,5,5,5,5,5,1,2,5,5,5,5,5,5,5,5,5,5,5,5,5,5,5,5,5,5,5,5,3,4,4,4,4,4,4,2,4,4,4,5,5,2,5,5,5,2,5,4,4,4,5,5,5,5,5,5,4,3.6,4,4.25,5,4.25,4.09090909090909,4.18333333333333
1,5,5,5,5,5,5,1,2,5,5,5,5,5,5,5,5,5,5,5,5,5,5,5,5,5,5,5,5,5,5,4,4,2,4,4,5,5,5,5,5,5,5,5,5,5,2,5,5,5,5,5,5,5,5,5,5,4.75,3.8,5,5,5,5,4.68181818181818,4.75833333333333
1,5,5,5,5,5,5,1,2,5,5,5,5,5,5,5,5,5,5,5,5,5,5,5,4,5,5,5,5,5,5,5,4,2,5,5,2,5,5,2,5,5,2,5,5,5,5,5,5,5,5,5,5,5,5,5,4.875,5,3.6,4,4.25,5,5,4.40909090909091,4.475
1,5,5,5,5,5,5,1,2,5,4,5,5,5,5,5,5,5,5,5,5,5,5,5,4,5,5,5,5,4,5,5,5,5,5,5,5,5,5,5,5,5,2,5,5,5,2,5,5,4,4,5,4.8,5,4.93333333333333,4.9375,4.875,4.75,5,5,4.25,5,4.5,4.72727272727273,4.75
1,4,5,5,5,5,5,1,2,5,4,5,5,5,5,5,5,5,5,5,5,5,5,5,5,5,5,5,5,5,5,5,5,2,5,5,2,5,5,2,5,5,5,4,4,4,5,5,5,4,4,5,4.8,5,4.93333333333333,4.9375,5,5,3.8,4,4.75,4,4.5,4.36363636363636,4.34166666666667
1,6,5,5,5,5,5,1,2,5,5,4,4,5,5,5,5,5,5,5,5,5,5,5,4,5,4,4,4,3,3,4,4,2,4,4,2,5,5,2,4,4,2,4,4,4,3,5,4,4,4,5,4.6,5,4.86666666666667,4.875,4.625,3.5,3.2,4,3.5,4,4.25,3.68181818181818,3.74166666666667
1,5,5,5,5,5,5,1,2,5,4,5,5,5,5,5,5,5,5,5,5,5,5,5,4,5,5,5,5,3,4,4,5,2,4,4,2,5,5,2,5,5,2,5,5,5,4,4,4,4,4,5,4.8,5,4.93333333333333,4.9375,4.875,4,3.4,4,4.25,5,4,4,4.10833333333333
